gcc_country,cmdCode
Bahrain,4421
Bahrain,2601
Bahrain,9202
Bahrain,6204
Bahrain,6905
Bahrain,5608
Bahrain,2918
Bahrain,6203
Bahrain,8504
Bahrain,2006
Bahrain,8903
Bahrain,6105
Bahrain,8487
Bahrain,2853
Bahrain,6104
Bahrain,7220
Bahrain,2902
Bahrain,4416
Bahrain,7612
Bahrain,1702
Bahrain,2102
Bahrain,8533
Bahrain,9004
Bahrain,6506
Bahrain,4414
Bahrain,9017
Bahrain,8706
Bahrain,3804
Bahrain,6811
Bahrain,0713
Bahrain,4706
Bahrain,8434
Bahrain,6601
Bahrain,3213
Bahrain,1510
Bahrain,2906
Bahrain,6114
Bahrain,6815
Bahrain,9025
Bahrain,0405
Bahrain,3707
Bahrain,7415
Bahrain,2835
Bahrain,6306
Bahrain,8712
Bahrain,3101
Bahrain,7227
Bahrain,8417
Bahrain,1905
Bahrain,2925
Bahrain,3701
Bahrain,9206
Bahrain,3924
Bahrain,3904
Bahrain,9606
Bahrain,4201
Bahrain,7309
Bahrain,1520
Bahrain,8306
Bahrain,9620
Bahrain,8452
Bahrain,2512
Bahrain,3211
Bahrain,8207
Bahrain,7413
Bahrain,8007
Bahrain,1001
Bahrain,4008
Bahrain,2104
Bahrain,2804
Bahrain,5702
Bahrain,3907
Bahrain,8486
Bahrain,6308
Bahrain,2929
Bahrain,5603
Bahrain,8110
Bahrain,8505
Bahrain,2849
Bahrain,2505
Bahrain,5901
Bahrain,7221
Bahrain,0704
Bahrain,0208
Bahrain,1602
Bahrain,8436
Bahrain,9506
Bahrain,1601
Bahrain,9012
Bahrain,6305
Bahrain,0906
Bahrain,8102
Bahrain,8307
Bahrain,8605
Bahrain,3306
Bahrain,6909
Bahrain,8206
Bahrain,8510
Bahrain,6309
Bahrain,3803
Bahrain,1903
Bahrain,8907
Bahrain,2522
Bahrain,2937
Bahrain,3802
Bahrain,7014
Bahrain,5512
Bahrain,1805
Bahrain,2934
Bahrain,6103
Bahrain,8507
Bahrain,3818
Bahrain,8447
Bahrain,9619
Bahrain,6912
Bahrain,1515
Bahrain,8201
Bahrain,8415
Bahrain,8604
Bahrain,4017
Bahrain,8538
Bahrain,2501
Bahrain,2926
Bahrain,1201
Bahrain,6603
Bahrain,1509
Bahrain,1101
Bahrain,2924
Bahrain,4407
Bahrain,6117
Bahrain,7316
Bahrain,5703
Bahrain,0604
Bahrain,6704
Bahrain,8478
Bahrain,2404
Bahrain,4808
Bahrain,8544
Bahrain,2002
Bahrain,2516
Bahrain,9011
Bahrain,8804
Bahrain,9026
Bahrain,7603
Bahrain,9114
Bahrain,3910
Bahrain,0812
Bahrain,5506
Bahrain,2825
Bahrain,1204
Bahrain,7322
Bahrain,8442
Bahrain,6809
Bahrain,8310
Bahrain,3923
Bahrain,4801
Bahrain,7005
Bahrain,0802
Bahrain,3806
Bahrain,5704
Bahrain,5609
Bahrain,8513
Bahrain,3919
Bahrain,8459
Bahrain,9615
Bahrain,3501
Bahrain,8453
Bahrain,0102
Bahrain,0105
Bahrain,6902
Bahrain,4419
Bahrain,7218
Bahrain,1503
Bahrain,7503
Bahrain,1213
Bahrain,8531
Bahrain,7606
Bahrain,8527
Bahrain,8528
Bahrain,8711
Bahrain,8465
Bahrain,0306
Bahrain,2914
Bahrain,4707
Bahrain,4820
Bahrain,6001
Bahrain,8103
Bahrain,1404
Bahrain,5605
Bahrain,8210
Bahrain,9207
Bahrain,7010
Bahrain,2907
Bahrain,3925
Bahrain,5508
Bahrain,2833
Bahrain,1508
Bahrain,1514
Bahrain,6501
Bahrain,5509
Bahrain,7017
Bahrain,8455
Bahrain,7607
Bahrain,6109
Bahrain,0408
Bahrain,3702
Bahrain,2827
Bahrain,0709
Bahrain,0705
Bahrain,2845
Bahrain,3507
Bahrain,8503
Bahrain,0701
Bahrain,3912
Bahrain,8211
Bahrain,2909
Bahrain,9013
Bahrain,4910
Bahrain,5806
Bahrain,6107
Bahrain,8607
Bahrain,0202
Bahrain,9105
Bahrain,6216
Bahrain,4909
Bahrain,2509
Bahrain,2834
Bahrain,6801
Bahrain,9024
Bahrain,9612
Bahrain,3403
Bahrain,3801
Bahrain,7210
Bahrain,0903
Bahrain,4812
Bahrain,3815
Bahrain,3824
Bahrain,0708
Bahrain,8302
Bahrain,0703
Bahrain,0406
Bahrain,7018
Bahrain,4001
Bahrain,2933
Bahrain,8422
Bahrain,7411
Bahrain,2309
Bahrain,7013
Bahrain,4821
Bahrain,8547
Bahrain,2841
Bahrain,8703
Bahrain,4903
Bahrain,7004
Bahrain,8203
Bahrain,4403
Bahrain,3303
Bahrain,1302
Bahrain,4303
Bahrain,7401
Bahrain,8708
Bahrain,9402
Bahrain,9507
Bahrain,0206
Bahrain,3808
Bahrain,9102
Bahrain,6310
Bahrain,7229
Bahrain,8407
Bahrain,8477
Bahrain,1108
Bahrain,6911
Bahrain,0909
Bahrain,7320
Bahrain,7019
Bahrain,1105
Bahrain,7419
Bahrain,1209
Bahrain,7409
Bahrain,9405
Bahrain,3102
Bahrain,2615
Bahrain,4205
Bahrain,3202
Bahrain,9019
Bahrain,2932
Bahrain,7002
Bahrain,0401
Bahrain,3916
Bahrain,6205
Bahrain,7319
Bahrain,5205
Bahrain,7804
Bahrain,5802
Bahrain,2843
Bahrain,0908
Bahrain,3901
Bahrain,4811
Bahrain,7321
Bahrain,4417
Bahrain,9020
Bahrain,8805
Bahrain,8482
Bahrain,8462
Bahrain,8464
Bahrain,3301
Bahrain,3812
Bahrain,5810
Bahrain,4902
Bahrain,6209
Bahrain,7209
Bahrain,7226
Bahrain,8546
Bahrain,2101
Bahrain,3210
Bahrain,2803
Bahrain,8606
Bahrain,6904
Bahrain,8511
Bahrain,3918
Bahrain,1518
Bahrain,0711
Bahrain,0905
Bahrain,6803
Bahrain,7605
Bahrain,7215
Bahrain,8308
Bahrain,8309
Bahrain,0409
Bahrain,0101
Bahrain,3908
Bahrain,6814
Bahrain,4409
Bahrain,7003
Bahrain,9111
Bahrain,2917
Bahrain,4401
Bahrain,3203
Bahrain,4907
Bahrain,5112
Bahrain,5804
Bahrain,9201
Bahrain,4911
Bahrain,2922
Bahrain,5206
Bahrain,7325
Bahrain,9016
Bahrain,8539
Bahrain,3606
Bahrain,5207
Bahrain,8439
Bahrain,1512
Bahrain,0811
Bahrain,3003
Bahrain,9014
Bahrain,8428
Bahrain,1004
Bahrain,2811
Bahrain,4014
Bahrain,8468
Bahrain,1006
Bahrain,6303
Bahrain,2824
Bahrain,8101
Bahrain,6101
Bahrain,8534
Bahrain,8461
Bahrain,7222
Bahrain,9015
Bahrain,8311
Bahrain,2814
Bahrain,7601
Bahrain,2621
Bahrain,8713
Bahrain,3206
Bahrain,0702
Bahrain,8433
Bahrain,2936
Bahrain,7508
Bahrain,6116
Bahrain,2008
Bahrain,2828
Bahrain,8524
Bahrain,9208
Bahrain,8906
Bahrain,8441
Bahrain,2207
Bahrain,4006
Bahrain,5905
Bahrain,2930
Bahrain,7020
Bahrain,9401
Bahrain,5310
Bahrain,3208
Bahrain,4804
Bahrain,9604
Bahrain,6507
Bahrain,3506
Bahrain,1901
Bahrain,7403
Bahrain,6802
Bahrain,4105
Bahrain,7306
Bahrain,4502
Bahrain,3207
Bahrain,9103
Bahrain,6108
Bahrain,2809
Bahrain,5809
Bahrain,6810
Bahrain,0304
Bahrain,2517
Bahrain,1106
Bahrain,7007
Bahrain,8443
Bahrain,7312
Bahrain,7604
Bahrain,0803
Bahrain,2503
Bahrain,7317
Bahrain,8411
Bahrain,8545
Bahrain,7408
Bahrain,9701
Bahrain,9609
Bahrain,9613
Bahrain,7318
Bahrain,6301
Bahrain,4823
Bahrain,6111
Bahrain,2903
Bahrain,1703
Bahrain,3402
Bahrain,9618
Bahrain,9108
Bahrain,2103
Bahrain,1506
Bahrain,1212
Bahrain,8512
Bahrain,0511
Bahrain,1104
Bahrain,1604
Bahrain,2308
Bahrain,4807
Bahrain,7224
Bahrain,8532
Bahrain,3914
Bahrain,5907
Bahrain,2510
Bahrain,8421
Bahrain,2523
Bahrain,3827
Bahrain,4005
Bahrain,5208
Bahrain,8543
Bahrain,8437
Bahrain,8451
Bahrain,8904
Bahrain,5515
Bahrain,8475
Bahrain,4805
Bahrain,8408
Bahrain,0813
Bahrain,8476
Bahrain,1206
Bahrain,6701
Bahrain,4411
Bahrain,7418
Bahrain,8501
Bahrain,2403
Bahrain,2921
Bahrain,0808
Bahrain,6202
Bahrain,8423
Bahrain,8509
Bahrain,8521
Bahrain,8709
Bahrain,8108
Bahrain,4003
Bahrain,0402
Bahrain,9404
Bahrain,8448
Bahrain,6805
Bahrain,5202
Bahrain,4115
Bahrain,8205
Bahrain,5909
Bahrain,1516
Bahrain,1806
Bahrain,3006
Bahrain,3811
Bahrain,0810
Bahrain,1701
Bahrain,9018
Bahrain,7326
Bahrain,8506
Bahrain,1202
Bahrain,4504
Bahrain,7304
Bahrain,8902
Bahrain,1401
Bahrain,2819
Bahrain,2208
Bahrain,2931
Bahrain,2203
Bahrain,2209
Bahrain,5513
Bahrain,6405
Bahrain,9209
Bahrain,4015
Bahrain,0210
Bahrain,7203
Bahrain,7006
Bahrain,6602
Bahrain,0410
Bahrain,6901
Bahrain,3401
Bahrain,3215
Bahrain,7904
Bahrain,7806
Bahrain,6110
Bahrain,1005
Bahrain,4814
Bahrain,6910
Bahrain,9205
Bahrain,5601
Bahrain,0301
Bahrain,3605
Bahrain,6502
Bahrain,5211
Bahrain,6201
Bahrain,5604
Bahrain,2528
Bahrain,2847
Bahrain,7009
Bahrain,9109
Bahrain,9607
Bahrain,8716
Bahrain,9608
Bahrain,4304
Bahrain,0807
Bahrain,5511
Bahrain,2920
Bahrain,3214
Bahrain,2520
Bahrain,3305
Bahrain,2005
Bahrain,6403
Bahrain,9107
Bahrain,2923
Bahrain,9504
Bahrain,2818
Bahrain,5602
Bahrain,8549
Bahrain,4203
Bahrain,0901
Bahrain,1207
Bahrain,5306
Bahrain,6208
Bahrain,8410
Bahrain,2105
Bahrain,0207
Bahrain,0302
Bahrain,8429
Bahrain,2206
Bahrain,3104
Bahrain,7301
Bahrain,6404
Bahrain,8602
Bahrain,4816
Bahrain,2807
Bahrain,3922
Bahrain,1205
Bahrain,6115
Bahrain,8704
Bahrain,8483
Bahrain,0904
Bahrain,3809
Bahrain,8517
Bahrain,9006
Bahrain,7313
Bahrain,2801
Bahrain,5105
Bahrain,5504
Bahrain,8540
Bahrain,7307
Bahrain,2905
Bahrain,3813
Bahrain,7016
Bahrain,7223
Bahrain,6913
Bahrain,3004
Bahrain,2829
Bahrain,2832
Bahrain,3926
Bahrain,5209
Bahrain,6903
Bahrain,7608
Bahrain,5807
Bahrain,8424
Bahrain,8458
Bahrain,6207
Bahrain,3503
Bahrain,2204
Bahrain,4420
Bahrain,8409
Bahrain,9029
Bahrain,0407
Bahrain,2515
Bahrain,9703
Bahrain,6304
Bahrain,7611
Bahrain,2842
Bahrain,6102
Bahrain,4817
Bahrain,4013
Bahrain,2915
Bahrain,2201
Bahrain,5308
Bahrain,6307
Bahrain,4402
Bahrain,9406
Bahrain,7311
Bahrain,3909
Bahrain,2942
Bahrain,7207
Bahrain,0201
Bahrain,5408
Bahrain,9113
Bahrain,4016
Bahrain,7308
Bahrain,7310
Bahrain,8609
Bahrain,0710
Bahrain,2007
Bahrain,3603
Bahrain,4813
Bahrain,5201
Bahrain,2810
Bahrain,3504
Bahrain,3917
Bahrain,0801
Bahrain,7412
Bahrain,8608
Bahrain,0902
Bahrain,0203
Bahrain,1511
Bahrain,8416
Bahrain,5203
Bahrain,9110
Bahrain,2821
Bahrain,3920
Bahrain,3921
Bahrain,7208
Bahrain,0601
Bahrain,8515
Bahrain,8112
Bahrain,8456
Bahrain,7015
Bahrain,8472
Bahrain,0309
Bahrain,4602
Bahrain,8404
Bahrain,3817
Bahrain,4102
Bahrain,8403
Bahrain,8430
Bahrain,1102
Bahrain,8425
Bahrain,6906
Bahrain,9602
Bahrain,2912
Bahrain,3911
Bahrain,9503
Bahrain,6806
Bahrain,8901
Bahrain,2836
Bahrain,9028
Bahrain,0805
Bahrain,3805
Bahrain,1211
Bahrain,8514
Bahrain,5514
Bahrain,6914
Bahrain,1521
Bahrain,8484
Bahrain,4412
Bahrain,8202
Bahrain,8807
Bahrain,3212
Bahrain,7314
Bahrain,7402
Bahrain,2919
Bahrain,7213
Bahrain,6302
Bahrain,7303
Bahrain,3005
Bahrain,5503
Bahrain,6504
Bahrain,9003
Bahrain,1208
Bahrain,8001
Bahrain,8479
Bahrain,9005
Bahrain,5904
Bahrain,7324
Bahrain,4011
Bahrain,7616
Bahrain,2301
Bahrain,5212
Bahrain,5908
Bahrain,2502
Bahrain,9605
Bahrain,9704
Bahrain,1904
Bahrain,8204
Bahrain,5303
Bahrain,4413
Bahrain,1513
Bahrain,0806
Bahrain,4802
Bahrain,3822
Bahrain,2202
Bahrain,3820
Bahrain,8454
Bahrain,0204
Bahrain,2916
Bahrain,4822
Bahrain,9614
Bahrain,7204
Bahrain,3502
Bahrain,3604
Bahrain,1605
Bahrain,1802
Bahrain,9616
Bahrain,1008
Bahrain,3103
Bahrain,6505
Bahrain,2513
Bahrain,2608
Bahrain,8444
Bahrain,9023
Bahrain,4010
Bahrain,1103
Bahrain,1902
Bahrain,5910
Bahrain,7212
Bahrain,7216
Bahrain,5911
Bahrain,8806
Bahrain,3404
Bahrain,7609
Bahrain,5701
Bahrain,5516
Bahrain,3905
Bahrain,4009
Bahrain,5305
Bahrain,7217
Bahrain,4819
Bahrain,3823
Bahrain,7008
Bahrain,2303
Bahrain,6812
Bahrain,8212
Bahrain,0603
Bahrain,4004
Bahrain,4503
Bahrain,8529
Bahrain,4410
Bahrain,7214
Bahrain,7225
Bahrain,6210
Bahrain,8502
Bahrain,1507
Bahrain,4806
Bahrain,8438
Bahrain,8714
Bahrain,9601
Bahrain,5510
Bahrain,8470
Bahrain,0602
Bahrain,0907
Bahrain,6212
Bahrain,6813
Bahrain,8525
Bahrain,5705
Bahrain,0707
Bahrain,7507
Bahrain,9112
Bahrain,8710
Bahrain,8457
Bahrain,7901
Bahrain,4901
Bahrain,6106
Bahrain,3204
Bahrain,8303
Bahrain,2820
Bahrain,3826
Bahrain,4415
Bahrain,6215
Bahrain,4408
Bahrain,9010
Bahrain,7802
Bahrain,7001
Bahrain,8485
Bahrain,8480
Bahrain,3002
Bahrain,2402
Bahrain,9030
Bahrain,2302
Bahrain,7323
Bahrain,1003
Bahrain,7011
Bahrain,6702
Bahrain,8530
Bahrain,2817
Bahrain,5210
Bahrain,3903
Bahrain,4007
Bahrain,8526
Bahrain,9031
Bahrain,6217
Bahrain,4404
Bahrain,8705
Bahrain,8481
Bahrain,3209
Bahrain,7614
Bahrain,2106
Bahrain,3407
Bahrain,8402
Bahrain,8460
Bahrain,7602
Bahrain,8508
Bahrain,8304
Bahrain,4601
Bahrain,2009
Bahrain,4803
Bahrain,8519
Bahrain,4012
Bahrain,3814
Bahrain,6005
Bahrain,1801
Bahrain,8208
Bahrain,8467
Bahrain,1214
Bahrain,0106
Bahrain,7613
Bahrain,8449
Bahrain,8707
Bahrain,3406
Bahrain,3307
Bahrain,5811
Bahrain,8463
Bahrain,1603
Bahrain,8213
Bahrain,8702
Bahrain,9032
Bahrain,6211
Bahrain,7202
Bahrain,8541
Bahrain,3304
Bahrain,8418
Bahrain,8450
Bahrain,6402
Bahrain,7615
Bahrain,3001
Bahrain,8474
Bahrain,9008
Bahrain,3405
Bahrain,3810
Bahrain,5101
Bahrain,7211
Bahrain,2001
Bahrain,6401
Bahrain,8516
Bahrain,8518
Bahrain,4418
Bahrain,2518
Bahrain,0804
Bahrain,2850
Bahrain,9611
Bahrain,8215
Bahrain,4905
Bahrain,5402
Bahrain,8801
Bahrain,8305
Bahrain,8473
Bahrain,5404
Bahrain,8405
Bahrain,5801
Bahrain,2205
Bahrain,5607
Bahrain,2508
Bahrain,7903
Bahrain,0307
Bahrain,8701
Bahrain,7206
Bahrain,7302
Bahrain,6206
Bahrain,8522
Bahrain,1301
Bahrain,0404
Bahrain,8548
Bahrain,2901
Bahrain,4818
Bahrain,1517
Bahrain,3821
Bahrain,9403
Bahrain,9603
Bahrain,3915
Bahrain,7305
Bahrain,8104
Bahrain,8445
Bahrain,8523
Bahrain,8427
Bahrain,0706
Bahrain,8802
Bahrain,1704
Bahrain,6808
Bahrain,9033
Bahrain,8111
Bahrain,0814
Bahrain,6214
Bahrain,7201
Bahrain,9022
Bahrain,2805
Bahrain,8301
Bahrain,3205
Bahrain,6807
Bahrain,8905
Bahrain,4809
Bahrain,0809
Bahrain,3902
Bahrain,9101
Bahrain,2519
Bahrain,7315
Bahrain,0308
Bahrain,2826
Bahrain,3505
Bahrain,4810
Bahrain,7404
Bahrain,2618
Bahrain,2619
Bahrain,4114
Bahrain,2511
Bahrain,5407
Bahrain,9021
Bahrain,9027
Bahrain,8715
Bahrain,8413
Bahrain,8537
Bahrain,9106
Bahrain,5204
Bahrain,8440
Bahrain,0712
Bahrain,7801
Bahrain,3906
Bahrain,2003
Bahrain,2521
Bahrain,5401
Bahrain,5906
Bahrain,7407
Bahrain,2839
Bahrain,8105
Bahrain,8419
Bahrain,3819
Bahrain,9007
Bahrain,2938
Bahrain,8420
Bahrain,7610
Bahrain,2004
Bahrain,0305
Bahrain,5007
Bahrain,9617
Bahrain,3705
Bahrain,6907
Bahrain,8431
Bahrain,2840
Bahrain,8908
Bahrain,9002
Bahrain,5903
Bahrain,0910
Bahrain,4908
Bahrain,5808
Bahrain,7219
Bahrain,8435
Bahrain,8426
Bahrain,8432
Bahrain,5405
Bahrain,1804
Bahrain,3703
Bahrain,7205
Bahrain,4202
Bahrain,6406
Bahrain,7228
Bahrain,8542
Bahrain,0714
Bahrain,7410
Bahrain,8471
Bahrain,7505
Bahrain,8536
Bahrain,9001
Bahrain,8466
Bahrain,2506
Bahrain,6112
Bahrain,8412
Bahrain,2844
Bahrain,9104
Bahrain,2620
Bahrain,3302
Bahrain,2904
Bahrain,8414
Bahrain,6804
Bahrain,3816
Bahrain,4906
Bahrain,6213
Bahrain,4107
Bahrain,7506
Bahrain,8406
Bahrain,8446
Bahrain,9508
Bahrain,4002
Bahrain,2815
Bahrain,9610
Bahrain,9702
Bahrain,0403
Bahrain,2530
Bahrain,8209
Bahrain,8535
Bahrain,3913
Bahrain,7907
Bahrain,1501
Bahrain,9505
Bahrain,8214
Bahrain,6113
Bahrain,6006
Bahrain,0303
Kuwait,4421
Kuwait,2601
Kuwait,9202
Kuwait,6204
Kuwait,6905
Kuwait,5608
Kuwait,2918
Kuwait,6203
Kuwait,8504
Kuwait,2006
Kuwait,8903
Kuwait,6105
Kuwait,8487
Kuwait,2853
Kuwait,6104
Kuwait,7220
Kuwait,2902
Kuwait,7612
Kuwait,1702
Kuwait,2102
Kuwait,8533
Kuwait,9004
Kuwait,6506
Kuwait,4414
Kuwait,9017
Kuwait,8706
Kuwait,3804
Kuwait,6811
Kuwait,0713
Kuwait,4706
Kuwait,8434
Kuwait,0104
Kuwait,3213
Kuwait,1510
Kuwait,2613
Kuwait,6114
Kuwait,6601
Kuwait,6815
Kuwait,0405
Kuwait,9025
Kuwait,3707
Kuwait,7415
Kuwait,2835
Kuwait,2806
Kuwait,6306
Kuwait,8712
Kuwait,2935
Kuwait,2823
Kuwait,8417
Kuwait,1905
Kuwait,2925
Kuwait,3701
Kuwait,9206
Kuwait,3924
Kuwait,3904
Kuwait,9606
Kuwait,4201
Kuwait,7309
Kuwait,1520
Kuwait,8306
Kuwait,9620
Kuwait,8452
Kuwait,2512
Kuwait,3211
Kuwait,8207
Kuwait,7413
Kuwait,8007
Kuwait,1001
Kuwait,4008
Kuwait,2104
Kuwait,5005
Kuwait,2804
Kuwait,5702
Kuwait,3907
Kuwait,8486
Kuwait,6308
Kuwait,2929
Kuwait,5603
Kuwait,8110
Kuwait,8401
Kuwait,8505
Kuwait,2849
Kuwait,2505
Kuwait,5901
Kuwait,7221
Kuwait,8436
Kuwait,0208
Kuwait,1602
Kuwait,9506
Kuwait,1601
Kuwait,9012
Kuwait,6305
Kuwait,0906
Kuwait,8102
Kuwait,8307
Kuwait,3306
Kuwait,6909
Kuwait,8206
Kuwait,5501
Kuwait,8510
Kuwait,6309
Kuwait,1903
Kuwait,8907
Kuwait,2522
Kuwait,2937
Kuwait,3802
Kuwait,5512
Kuwait,1805
Kuwait,2934
Kuwait,6103
Kuwait,8507
Kuwait,3818
Kuwait,8447
Kuwait,9619
Kuwait,6912
Kuwait,1515
Kuwait,8201
Kuwait,8415
Kuwait,4017
Kuwait,8538
Kuwait,2501
Kuwait,2926
Kuwait,6603
Kuwait,1509
Kuwait,1101
Kuwait,2507
Kuwait,4407
Kuwait,6117
Kuwait,7316
Kuwait,5703
Kuwait,2611
Kuwait,0604
Kuwait,6704
Kuwait,8478
Kuwait,2404
Kuwait,4808
Kuwait,8544
Kuwait,2002
Kuwait,2516
Kuwait,9011
Kuwait,9026
Kuwait,9114
Kuwait,3910
Kuwait,0812
Kuwait,5506
Kuwait,2825
Kuwait,1204
Kuwait,7322
Kuwait,8442
Kuwait,2812
Kuwait,6809
Kuwait,8310
Kuwait,3923
Kuwait,4801
Kuwait,7005
Kuwait,0802
Kuwait,5704
Kuwait,5609
Kuwait,8513
Kuwait,3919
Kuwait,8459
Kuwait,9615
Kuwait,8453
Kuwait,0102
Kuwait,0105
Kuwait,6902
Kuwait,3706
Kuwait,4419
Kuwait,7218
Kuwait,1213
Kuwait,8531
Kuwait,7606
Kuwait,8527
Kuwait,8528
Kuwait,8711
Kuwait,8465
Kuwait,0306
Kuwait,4820
Kuwait,4707
Kuwait,6001
Kuwait,8103
Kuwait,8210
Kuwait,1404
Kuwait,9207
Kuwait,7010
Kuwait,2907
Kuwait,3925
Kuwait,5508
Kuwait,2833
Kuwait,1508
Kuwait,1514
Kuwait,5113
Kuwait,6501
Kuwait,5509
Kuwait,7017
Kuwait,8455
Kuwait,7607
Kuwait,6109
Kuwait,3702
Kuwait,0408
Kuwait,2827
Kuwait,0709
Kuwait,0705
Kuwait,2845
Kuwait,3507
Kuwait,7905
Kuwait,0701
Kuwait,3912
Kuwait,8211
Kuwait,2909
Kuwait,8503
Kuwait,9013
Kuwait,2529
Kuwait,4910
Kuwait,5806
Kuwait,6107
Kuwait,8607
Kuwait,0202
Kuwait,9105
Kuwait,6216
Kuwait,4909
Kuwait,2509
Kuwait,2834
Kuwait,6801
Kuwait,9024
Kuwait,9612
Kuwait,3403
Kuwait,3801
Kuwait,7210
Kuwait,0903
Kuwait,4812
Kuwait,3815
Kuwait,3824
Kuwait,0708
Kuwait,8302
Kuwait,5505
Kuwait,0703
Kuwait,0406
Kuwait,7018
Kuwait,4001
Kuwait,2933
Kuwait,8422
Kuwait,7411
Kuwait,2309
Kuwait,7013
Kuwait,4821
Kuwait,8547
Kuwait,2841
Kuwait,8703
Kuwait,4903
Kuwait,7004
Kuwait,8203
Kuwait,4403
Kuwait,3303
Kuwait,1302
Kuwait,4303
Kuwait,7401
Kuwait,8708
Kuwait,9402
Kuwait,9507
Kuwait,0206
Kuwait,3808
Kuwait,7405
Kuwait,9102
Kuwait,6310
Kuwait,7229
Kuwait,8407
Kuwait,8477
Kuwait,1108
Kuwait,6911
Kuwait,0909
Kuwait,7320
Kuwait,7019
Kuwait,1105
Kuwait,7419
Kuwait,3105
Kuwait,1209
Kuwait,7409
Kuwait,9405
Kuwait,3102
Kuwait,2615
Kuwait,4205
Kuwait,9019
Kuwait,2932
Kuwait,0504
Kuwait,7002
Kuwait,0401
Kuwait,3916
Kuwait,6205
Kuwait,7319
Kuwait,5205
Kuwait,7804
Kuwait,5802
Kuwait,2843
Kuwait,0908
Kuwait,3901
Kuwait,4811
Kuwait,7321
Kuwait,4417
Kuwait,8482
Kuwait,8462
Kuwait,8464
Kuwait,3301
Kuwait,3812
Kuwait,5810
Kuwait,4902
Kuwait,6209
Kuwait,7209
Kuwait,8546
Kuwait,2101
Kuwait,3210
Kuwait,2803
Kuwait,8606
Kuwait,6904
Kuwait,8511
Kuwait,3918
Kuwait,5109
Kuwait,5606
Kuwait,1518
Kuwait,0711
Kuwait,2910
Kuwait,4702
Kuwait,0905
Kuwait,6803
Kuwait,7605
Kuwait,7215
Kuwait,8308
Kuwait,8309
Kuwait,0409
Kuwait,0101
Kuwait,3908
Kuwait,6814
Kuwait,4409
Kuwait,7003
Kuwait,9111
Kuwait,2917
Kuwait,4401
Kuwait,4907
Kuwait,5804
Kuwait,5112
Kuwait,9201
Kuwait,4911
Kuwait,2922
Kuwait,7325
Kuwait,9016
Kuwait,8539
Kuwait,1002
Kuwait,3606
Kuwait,5207
Kuwait,8439
Kuwait,1512
Kuwait,0811
Kuwait,3003
Kuwait,9014
Kuwait,8428
Kuwait,1004
Kuwait,2811
Kuwait,4014
Kuwait,8468
Kuwait,1006
Kuwait,6303
Kuwait,8101
Kuwait,6101
Kuwait,8534
Kuwait,8461
Kuwait,7222
Kuwait,9015
Kuwait,8311
Kuwait,2814
Kuwait,7601
Kuwait,2621
Kuwait,8713
Kuwait,3206
Kuwait,0702
Kuwait,8433
Kuwait,2936
Kuwait,7508
Kuwait,6116
Kuwait,9706
Kuwait,2008
Kuwait,2828
Kuwait,8524
Kuwait,9208
Kuwait,8906
Kuwait,8441
Kuwait,2207
Kuwait,4006
Kuwait,5905
Kuwait,2930
Kuwait,7020
Kuwait,9401
Kuwait,5310
Kuwait,3208
Kuwait,4804
Kuwait,9604
Kuwait,6507
Kuwait,3506
Kuwait,1901
Kuwait,7403
Kuwait,6802
Kuwait,4105
Kuwait,7306
Kuwait,4502
Kuwait,3207
Kuwait,9103
Kuwait,6108
Kuwait,5809
Kuwait,6810
Kuwait,0304
Kuwait,2517
Kuwait,1106
Kuwait,7007
Kuwait,8443
Kuwait,7312
Kuwait,7604
Kuwait,0803
Kuwait,2503
Kuwait,7317
Kuwait,8411
Kuwait,8545
Kuwait,7408
Kuwait,9701
Kuwait,9609
Kuwait,9613
Kuwait,7318
Kuwait,6301
Kuwait,4823
Kuwait,6111
Kuwait,2903
Kuwait,3402
Kuwait,9618
Kuwait,9108
Kuwait,2103
Kuwait,1212
Kuwait,8512
Kuwait,1104
Kuwait,1604
Kuwait,4807
Kuwait,7224
Kuwait,8532
Kuwait,5907
Kuwait,8421
Kuwait,4703
Kuwait,2523
Kuwait,3827
Kuwait,4005
Kuwait,5208
Kuwait,8543
Kuwait,8437
Kuwait,8451
Kuwait,8904
Kuwait,5515
Kuwait,8475
Kuwait,4805
Kuwait,8408
Kuwait,0813
Kuwait,8476
Kuwait,1206
Kuwait,6701
Kuwait,4411
Kuwait,2525
Kuwait,7418
Kuwait,2403
Kuwait,2921
Kuwait,0808
Kuwait,6202
Kuwait,8423
Kuwait,8501
Kuwait,8509
Kuwait,8521
Kuwait,8108
Kuwait,4003
Kuwait,0402
Kuwait,8709
Kuwait,9404
Kuwait,8448
Kuwait,6805
Kuwait,5202
Kuwait,8205
Kuwait,5909
Kuwait,1516
Kuwait,1806
Kuwait,3006
Kuwait,3811
Kuwait,0810
Kuwait,1701
Kuwait,9018
Kuwait,7326
Kuwait,8506
Kuwait,1202
Kuwait,4504
Kuwait,7304
Kuwait,8902
Kuwait,1401
Kuwait,2931
Kuwait,6405
Kuwait,2209
Kuwait,5513
Kuwait,9209
Kuwait,4015
Kuwait,0210
Kuwait,7203
Kuwait,7006
Kuwait,6602
Kuwait,0410
Kuwait,6901
Kuwait,3401
Kuwait,3215
Kuwait,7904
Kuwait,6110
Kuwait,1005
Kuwait,4814
Kuwait,6910
Kuwait,9205
Kuwait,5601
Kuwait,6502
Kuwait,5211
Kuwait,6201
Kuwait,5604
Kuwait,2528
Kuwait,2847
Kuwait,7009
Kuwait,9109
Kuwait,9607
Kuwait,8716
Kuwait,9608
Kuwait,4304
Kuwait,0807
Kuwait,5511
Kuwait,2920
Kuwait,3214
Kuwait,2520
Kuwait,3305
Kuwait,2005
Kuwait,6403
Kuwait,9107
Kuwait,2923
Kuwait,9504
Kuwait,2818
Kuwait,5602
Kuwait,8549
Kuwait,4203
Kuwait,2928
Kuwait,0901
Kuwait,1207
Kuwait,6208
Kuwait,8410
Kuwait,2105
Kuwait,0207
Kuwait,8429
Kuwait,3104
Kuwait,7301
Kuwait,6404
Kuwait,8602
Kuwait,4406
Kuwait,4816
Kuwait,3922
Kuwait,6115
Kuwait,8704
Kuwait,8483
Kuwait,0904
Kuwait,3809
Kuwait,8517
Kuwait,9006
Kuwait,7313
Kuwait,2801
Kuwait,8540
Kuwait,7307
Kuwait,2905
Kuwait,3813
Kuwait,7016
Kuwait,7223
Kuwait,4103
Kuwait,6913
Kuwait,3004
Kuwait,2306
Kuwait,2829
Kuwait,2832
Kuwait,3926
Kuwait,5209
Kuwait,6903
Kuwait,7608
Kuwait,5807
Kuwait,8424
Kuwait,1522
Kuwait,6207
Kuwait,3503
Kuwait,2204
Kuwait,4420
Kuwait,8409
Kuwait,8458
Kuwait,9029
Kuwait,0407
Kuwait,9703
Kuwait,6304
Kuwait,7611
Kuwait,2842
Kuwait,6102
Kuwait,4817
Kuwait,5902
Kuwait,4013
Kuwait,2915
Kuwait,2201
Kuwait,5308
Kuwait,6307
Kuwait,4402
Kuwait,2606
Kuwait,9406
Kuwait,7311
Kuwait,3909
Kuwait,2942
Kuwait,7207
Kuwait,0201
Kuwait,5408
Kuwait,9113
Kuwait,4016
Kuwait,7308
Kuwait,7310
Kuwait,8609
Kuwait,0710
Kuwait,2007
Kuwait,3603
Kuwait,4813
Kuwait,2810
Kuwait,3504
Kuwait,3917
Kuwait,0801
Kuwait,7412
Kuwait,8608
Kuwait,0902
Kuwait,1511
Kuwait,8416
Kuwait,5203
Kuwait,9110
Kuwait,2821
Kuwait,3920
Kuwait,3921
Kuwait,7208
Kuwait,0601
Kuwait,8515
Kuwait,8456
Kuwait,7015
Kuwait,8472
Kuwait,0309
Kuwait,4602
Kuwait,8404
Kuwait,4102
Kuwait,8403
Kuwait,8430
Kuwait,1102
Kuwait,1502
Kuwait,2830
Kuwait,6906
Kuwait,8425
Kuwait,2526
Kuwait,9602
Kuwait,2912
Kuwait,3911
Kuwait,9503
Kuwait,6806
Kuwait,8901
Kuwait,2836
Kuwait,9028
Kuwait,0805
Kuwait,3805
Kuwait,1211
Kuwait,8514
Kuwait,5514
Kuwait,6914
Kuwait,8484
Kuwait,8807
Kuwait,4412
Kuwait,8202
Kuwait,3212
Kuwait,7314
Kuwait,7402
Kuwait,7213
Kuwait,6302
Kuwait,7303
Kuwait,3005
Kuwait,5503
Kuwait,6504
Kuwait,9003
Kuwait,1208
Kuwait,8479
Kuwait,9005
Kuwait,5904
Kuwait,4104
Kuwait,4011
Kuwait,7324
Kuwait,7616
Kuwait,2301
Kuwait,5212
Kuwait,5908
Kuwait,9605
Kuwait,9704
Kuwait,1904
Kuwait,8204
Kuwait,5303
Kuwait,4413
Kuwait,1513
Kuwait,0806
Kuwait,4802
Kuwait,3822
Kuwait,2202
Kuwait,3820
Kuwait,8454
Kuwait,0204
Kuwait,2916
Kuwait,4822
Kuwait,9614
Kuwait,7204
Kuwait,3604
Kuwait,9616
Kuwait,1605
Kuwait,1008
Kuwait,6505
Kuwait,2513
Kuwait,8444
Kuwait,9023
Kuwait,4010
Kuwait,1103
Kuwait,1902
Kuwait,5910
Kuwait,7212
Kuwait,7216
Kuwait,5911
Kuwait,3404
Kuwait,7609
Kuwait,5701
Kuwait,5516
Kuwait,3905
Kuwait,4009
Kuwait,7217
Kuwait,4819
Kuwait,3823
Kuwait,1504
Kuwait,7008
Kuwait,6812
Kuwait,8212
Kuwait,4501
Kuwait,0603
Kuwait,4004
Kuwait,4503
Kuwait,8529
Kuwait,4410
Kuwait,7214
Kuwait,7225
Kuwait,6003
Kuwait,6210
Kuwait,8502
Kuwait,1507
Kuwait,4806
Kuwait,8438
Kuwait,8714
Kuwait,9601
Kuwait,8470
Kuwait,0602
Kuwait,0907
Kuwait,6212
Kuwait,6813
Kuwait,8525
Kuwait,5705
Kuwait,7507
Kuwait,9112
Kuwait,8457
Kuwait,1109
Kuwait,7901
Kuwait,4901
Kuwait,6106
Kuwait,3204
Kuwait,8303
Kuwait,2820
Kuwait,3826
Kuwait,4415
Kuwait,6215
Kuwait,4408
Kuwait,9010
Kuwait,7802
Kuwait,7001
Kuwait,8485
Kuwait,8480
Kuwait,3002
Kuwait,2402
Kuwait,9030
Kuwait,7323
Kuwait,1003
Kuwait,7011
Kuwait,6702
Kuwait,2504
Kuwait,8530
Kuwait,2817
Kuwait,5210
Kuwait,3903
Kuwait,9031
Kuwait,8526
Kuwait,6217
Kuwait,4404
Kuwait,8705
Kuwait,8481
Kuwait,3209
Kuwait,7614
Kuwait,2106
Kuwait,3407
Kuwait,8402
Kuwait,8460
Kuwait,7602
Kuwait,8508
Kuwait,8304
Kuwait,4601
Kuwait,2009
Kuwait,4803
Kuwait,8519
Kuwait,4012
Kuwait,3814
Kuwait,6005
Kuwait,1801
Kuwait,8208
Kuwait,8467
Kuwait,1214
Kuwait,1803
Kuwait,0106
Kuwait,7613
Kuwait,8707
Kuwait,3406
Kuwait,3307
Kuwait,8463
Kuwait,8213
Kuwait,8702
Kuwait,9032
Kuwait,6211
Kuwait,7202
Kuwait,8541
Kuwait,3304
Kuwait,8418
Kuwait,8450
Kuwait,6402
Kuwait,7615
Kuwait,3001
Kuwait,8474
Kuwait,9008
Kuwait,3405
Kuwait,3810
Kuwait,5101
Kuwait,7211
Kuwait,2001
Kuwait,6401
Kuwait,2401
Kuwait,8516
Kuwait,8518
Kuwait,4418
Kuwait,2518
Kuwait,0804
Kuwait,9611
Kuwait,8215
Kuwait,5402
Kuwait,8305
Kuwait,8473
Kuwait,5404
Kuwait,8405
Kuwait,5801
Kuwait,5607
Kuwait,2508
Kuwait,7903
Kuwait,0307
Kuwait,8701
Kuwait,4701
Kuwait,7206
Kuwait,7302
Kuwait,6206
Kuwait,8522
Kuwait,1301
Kuwait,0404
Kuwait,8548
Kuwait,2901
Kuwait,4818
Kuwait,1517
Kuwait,9403
Kuwait,9603
Kuwait,3915
Kuwait,7305
Kuwait,8104
Kuwait,8445
Kuwait,8523
Kuwait,8427
Kuwait,0706
Kuwait,8802
Kuwait,1704
Kuwait,6808
Kuwait,9033
Kuwait,0814
Kuwait,6214
Kuwait,7201
Kuwait,9022
Kuwait,2805
Kuwait,8301
Kuwait,6807
Kuwait,8905
Kuwait,4809
Kuwait,0809
Kuwait,3902
Kuwait,9101
Kuwait,5309
Kuwait,2519
Kuwait,7315
Kuwait,2826
Kuwait,3505
Kuwait,4101
Kuwait,4810
Kuwait,7404
Kuwait,2618
Kuwait,2619
Kuwait,2511
Kuwait,5407
Kuwait,9021
Kuwait,9027
Kuwait,8715
Kuwait,8413
Kuwait,8537
Kuwait,9106
Kuwait,5204
Kuwait,7502
Kuwait,8440
Kuwait,0712
Kuwait,7801
Kuwait,3906
Kuwait,2003
Kuwait,2521
Kuwait,5401
Kuwait,5906
Kuwait,2808
Kuwait,2839
Kuwait,7407
Kuwait,8105
Kuwait,8419
Kuwait,3819
Kuwait,9007
Kuwait,8420
Kuwait,7610
Kuwait,2004
Kuwait,0305
Kuwait,4704
Kuwait,9617
Kuwait,6907
Kuwait,8431
Kuwait,2840
Kuwait,8908
Kuwait,9002
Kuwait,5903
Kuwait,0910
Kuwait,4908
Kuwait,5808
Kuwait,7219
Kuwait,8435
Kuwait,8426
Kuwait,8432
Kuwait,7205
Kuwait,3703
Kuwait,4202
Kuwait,6406
Kuwait,7228
Kuwait,8542
Kuwait,0714
Kuwait,3704
Kuwait,7410
Kuwait,7505
Kuwait,8471
Kuwait,8536
Kuwait,8466
Kuwait,9001
Kuwait,2506
Kuwait,6112
Kuwait,8412
Kuwait,2844
Kuwait,9104
Kuwait,2620
Kuwait,2939
Kuwait,3302
Kuwait,5307
Kuwait,2904
Kuwait,8414
Kuwait,6804
Kuwait,3816
Kuwait,4906
Kuwait,6213
Kuwait,4107
Kuwait,7506
Kuwait,8406
Kuwait,9508
Kuwait,4002
Kuwait,2815
Kuwait,9610
Kuwait,9702
Kuwait,0403
Kuwait,2530
Kuwait,8209
Kuwait,8535
Kuwait,7902
Kuwait,3913
Kuwait,7907
Kuwait,1501
Kuwait,9505
Kuwait,8214
Kuwait,6113
Kuwait,6006
Kuwait,0303
Oman,4421
Oman,2601
Oman,9202
Oman,6204
Oman,6905
Oman,2602
Oman,2918
Oman,5608
Oman,6203
Oman,8504
Oman,2006
Oman,4405
Oman,8903
Oman,6105
Oman,8487
Oman,2853
Oman,6104
Oman,7220
Oman,2902
Oman,4416
Oman,7612
Oman,1702
Oman,2102
Oman,8533
Oman,7406
Oman,9004
Oman,8113
Oman,6506
Oman,4414
Oman,9017
Oman,8706
Oman,3804
Oman,6811
Oman,0713
Oman,4706
Oman,8434
Oman,0104
Oman,3213
Oman,1510
Oman,2906
Oman,6114
Oman,6601
Oman,6815
Oman,0405
Oman,9025
Oman,3707
Oman,7415
Oman,2835
Oman,2806
Oman,6306
Oman,8712
Oman,2935
Oman,2823
Oman,3101
Oman,7227
Oman,8417
Oman,1905
Oman,2925
Oman,3701
Oman,9206
Oman,3924
Oman,3904
Oman,2908
Oman,9606
Oman,4201
Oman,7309
Oman,1520
Oman,8306
Oman,9620
Oman,8452
Oman,3211
Oman,8207
Oman,7413
Oman,8007
Oman,1001
Oman,4008
Oman,2104
Oman,5005
Oman,2804
Oman,5702
Oman,3907
Oman,8486
Oman,6308
Oman,2929
Oman,5603
Oman,8110
Oman,8401
Oman,8505
Oman,2849
Oman,2505
Oman,5901
Oman,7221
Oman,0704
Oman,0208
Oman,1602
Oman,8436
Oman,9506
Oman,1601
Oman,9012
Oman,6305
Oman,0906
Oman,8102
Oman,8307
Oman,3306
Oman,6909
Oman,8206
Oman,8510
Oman,5106
Oman,6309
Oman,1903
Oman,8907
Oman,2522
Oman,2937
Oman,3802
Oman,7014
Oman,5512
Oman,1805
Oman,2934
Oman,6103
Oman,8507
Oman,8447
Oman,9619
Oman,6912
Oman,1515
Oman,8201
Oman,8415
Oman,4017
Oman,8538
Oman,2501
Oman,2926
Oman,1201
Oman,6603
Oman,1509
Oman,1101
Oman,2507
Oman,4407
Oman,5104
Oman,6117
Oman,7316
Oman,5703
Oman,0604
Oman,6704
Oman,8478
Oman,2404
Oman,4808
Oman,8544
Oman,2002
Oman,2516
Oman,5111
Oman,9011
Oman,8804
Oman,9026
Oman,7603
Oman,9114
Oman,3910
Oman,0812
Oman,2825
Oman,1204
Oman,7322
Oman,8442
Oman,2812
Oman,6809
Oman,8310
Oman,3923
Oman,4801
Oman,7005
Oman,0802
Oman,3806
Oman,5704
Oman,5609
Oman,8513
Oman,3919
Oman,8459
Oman,9615
Oman,8453
Oman,0102
Oman,0105
Oman,6902
Oman,4419
Oman,7218
Oman,1503
Oman,7503
Oman,1213
Oman,8531
Oman,7606
Oman,8527
Oman,8528
Oman,8711
Oman,8465
Oman,0306
Oman,2914
Oman,4707
Oman,4820
Oman,6001
Oman,8210
Oman,1404
Oman,5605
Oman,9207
Oman,7010
Oman,3925
Oman,5508
Oman,2833
Oman,1508
Oman,1514
Oman,6501
Oman,5509
Oman,7017
Oman,8455
Oman,7607
Oman,6109
Oman,0408
Oman,3702
Oman,2827
Oman,0709
Oman,0705
Oman,2845
Oman,3507
Oman,7905
Oman,0701
Oman,3912
Oman,8211
Oman,2909
Oman,8503
Oman,9013
Oman,2529
Oman,4910
Oman,5806
Oman,6107
Oman,8607
Oman,0202
Oman,9105
Oman,6216
Oman,4909
Oman,2509
Oman,2834
Oman,6801
Oman,9024
Oman,9612
Oman,3403
Oman,3801
Oman,7210
Oman,4812
Oman,3815
Oman,3824
Oman,0708
Oman,4113
Oman,8302
Oman,0703
Oman,0406
Oman,7018
Oman,4001
Oman,2933
Oman,2941
Oman,8422
Oman,7411
Oman,2309
Oman,7013
Oman,4821
Oman,8547
Oman,8703
Oman,4903
Oman,7004
Oman,8203
Oman,1007
Oman,4403
Oman,3303
Oman,1302
Oman,4303
Oman,8708
Oman,9402
Oman,9507
Oman,0206
Oman,3808
Oman,7405
Oman,9102
Oman,6310
Oman,7229
Oman,8407
Oman,8477
Oman,1108
Oman,6911
Oman,0909
Oman,7320
Oman,7019
Oman,1105
Oman,7419
Oman,3105
Oman,1209
Oman,7409
Oman,9405
Oman,3102
Oman,2615
Oman,4205
Oman,3202
Oman,9019
Oman,2932
Oman,0504
Oman,7002
Oman,0401
Oman,3916
Oman,6205
Oman,7319
Oman,5205
Oman,7804
Oman,5802
Oman,7321
Oman,0908
Oman,3901
Oman,4811
Oman,9020
Oman,4417
Oman,5004
Oman,8805
Oman,8482
Oman,8462
Oman,5803
Oman,8464
Oman,3301
Oman,3812
Oman,5810
Oman,4902
Oman,6209
Oman,7209
Oman,7226
Oman,8546
Oman,2101
Oman,3210
Oman,2803
Oman,6904
Oman,8511
Oman,3918
Oman,5109
Oman,1518
Oman,0711
Oman,2910
Oman,0905
Oman,6803
Oman,7605
Oman,7215
Oman,8308
Oman,8309
Oman,0409
Oman,0101
Oman,3908
Oman,6814
Oman,4409
Oman,7003
Oman,9111
Oman,2917
Oman,4401
Oman,3203
Oman,4907
Oman,5112
Oman,5804
Oman,9201
Oman,4911
Oman,1505
Oman,2922
Oman,7325
Oman,9016
Oman,8539
Oman,1002
Oman,3606
Oman,5207
Oman,8439
Oman,1512
Oman,0811
Oman,3003
Oman,9014
Oman,8428
Oman,1004
Oman,2811
Oman,4014
Oman,8468
Oman,1006
Oman,6303
Oman,8101
Oman,6101
Oman,8534
Oman,8461
Oman,7222
Oman,9015
Oman,8311
Oman,2814
Oman,7601
Oman,8713
Oman,3206
Oman,0702
Oman,8433
Oman,2936
Oman,7508
Oman,6116
Oman,9706
Oman,2008
Oman,2828
Oman,8524
Oman,9208
Oman,8906
Oman,8441
Oman,2207
Oman,4006
Oman,5905
Oman,2930
Oman,7020
Oman,9401
Oman,5108
Oman,5310
Oman,3208
Oman,4804
Oman,9604
Oman,6507
Oman,3506
Oman,1901
Oman,7403
Oman,6802
Oman,7306
Oman,4502
Oman,3207
Oman,9103
Oman,2610
Oman,6108
Oman,2809
Oman,5809
Oman,6810
Oman,8601
Oman,0304
Oman,2517
Oman,1106
Oman,7007
Oman,8443
Oman,7312
Oman,2605
Oman,7604
Oman,0803
Oman,7317
Oman,8411
Oman,8545
Oman,7408
Oman,9701
Oman,9609
Oman,9613
Oman,7318
Oman,6301
Oman,4823
Oman,6111
Oman,2903
Oman,1703
Oman,3402
Oman,9618
Oman,9108
Oman,2103
Oman,1506
Oman,1212
Oman,0209
Oman,8512
Oman,0511
Oman,1104
Oman,9705
Oman,1604
Oman,2308
Oman,0507
Oman,4807
Oman,7224
Oman,3914
Oman,8532
Oman,5907
Oman,2510
Oman,4301
Oman,8421
Oman,4703
Oman,2523
Oman,3827
Oman,4005
Oman,5208
Oman,8543
Oman,8437
Oman,8451
Oman,8904
Oman,5515
Oman,8475
Oman,4805
Oman,8408
Oman,0813
Oman,8476
Oman,1206
Oman,8501
Oman,4411
Oman,2525
Oman,7418
Oman,2403
Oman,2921
Oman,0808
Oman,6202
Oman,8423
Oman,8509
Oman,8521
Oman,8709
Oman,8108
Oman,4003
Oman,0402
Oman,9404
Oman,8448
Oman,6805
Oman,5202
Oman,4115
Oman,8205
Oman,5909
Oman,1516
Oman,1806
Oman,3006
Oman,2616
Oman,0810
Oman,1701
Oman,3811
Oman,9018
Oman,7326
Oman,8506
Oman,1202
Oman,4504
Oman,7304
Oman,8902
Oman,1401
Oman,2931
Oman,2208
Oman,2203
Oman,2209
Oman,5513
Oman,6405
Oman,9209
Oman,4015
Oman,0210
Oman,7203
Oman,7006
Oman,6602
Oman,6901
Oman,0510
Oman,3401
Oman,3215
Oman,7904
Oman,7806
Oman,6110
Oman,1005
Oman,4814
Oman,6910
Oman,9205
Oman,5601
Oman,0301
Oman,3605
Oman,6502
Oman,5211
Oman,6201
Oman,5604
Oman,2528
Oman,2847
Oman,7009
Oman,9109
Oman,9607
Oman,8716
Oman,9608
Oman,0807
Oman,2920
Oman,3214
Oman,3602
Oman,2520
Oman,3305
Oman,2005
Oman,6403
Oman,9107
Oman,2923
Oman,9504
Oman,2818
Oman,5602
Oman,8549
Oman,4203
Oman,2928
Oman,0901
Oman,1207
Oman,0508
Oman,6208
Oman,8410
Oman,2105
Oman,0207
Oman,0302
Oman,8429
Oman,4106
Oman,3104
Oman,7301
Oman,6404
Oman,4406
Oman,4816
Oman,3922
Oman,1205
Oman,6115
Oman,7504
Oman,8704
Oman,8483
Oman,0904
Oman,3809
Oman,8517
Oman,9006
Oman,7313
Oman,5105
Oman,8540
Oman,7307
Oman,2905
Oman,3813
Oman,7016
Oman,7223
Oman,4103
Oman,6913
Oman,3004
Oman,2306
Oman,2829
Oman,2832
Oman,3926
Oman,5209
Oman,6903
Oman,7608
Oman,5807
Oman,8424
Oman,1522
Oman,6207
Oman,3503
Oman,2204
Oman,4420
Oman,8409
Oman,8458
Oman,9029
Oman,0407
Oman,2515
Oman,9703
Oman,6304
Oman,7611
Oman,2842
Oman,6102
Oman,4817
Oman,4013
Oman,2915
Oman,2201
Oman,2603
Oman,5308
Oman,6307
Oman,4402
Oman,2606
Oman,9406
Oman,7311
Oman,3909
Oman,2942
Oman,7207
Oman,0201
Oman,5408
Oman,9113
Oman,4016
Oman,7308
Oman,7310
Oman,8609
Oman,0710
Oman,2007
Oman,3603
Oman,4813
Oman,5201
Oman,2810
Oman,3504
Oman,3917
Oman,0801
Oman,7412
Oman,8608
Oman,0902
Oman,0203
Oman,1511
Oman,8416
Oman,5203
Oman,2821
Oman,3920
Oman,3921
Oman,7208
Oman,0601
Oman,8515
Oman,8456
Oman,7015
Oman,8472
Oman,0309
Oman,4602
Oman,8404
Oman,3817
Oman,4102
Oman,8403
Oman,8430
Oman,1102
Oman,1502
Oman,8425
Oman,6906
Oman,2526
Oman,9602
Oman,2912
Oman,3911
Oman,9503
Oman,6806
Oman,8901
Oman,2836
Oman,0805
Oman,1211
Oman,8514
Oman,5514
Oman,6914
Oman,1521
Oman,8484
Oman,4412
Oman,8202
Oman,8807
Oman,3212
Oman,7314
Oman,7402
Oman,7213
Oman,3825
Oman,6302
Oman,4302
Oman,3005
Oman,7303
Oman,5503
Oman,6504
Oman,9003
Oman,1208
Oman,8001
Oman,8479
Oman,9005
Oman,5904
Oman,4104
Oman,4011
Oman,2617
Oman,7324
Oman,2301
Oman,5212
Oman,5908
Oman,7616
Oman,9605
Oman,9704
Oman,1904
Oman,8204
Oman,5303
Oman,4413
Oman,1513
Oman,0806
Oman,2607
Oman,3822
Oman,2202
Oman,3820
Oman,4802
Oman,0204
Oman,8454
Oman,2916
Oman,4822
Oman,9614
Oman,7204
Oman,3502
Oman,3604
Oman,1605
Oman,1802
Oman,5301
Oman,9616
Oman,1008
Oman,3103
Oman,6505
Oman,2513
Oman,2608
Oman,8444
Oman,9023
Oman,4010
Oman,1103
Oman,1902
Oman,5910
Oman,7212
Oman,7216
Oman,5911
Oman,8806
Oman,3404
Oman,7609
Oman,5701
Oman,5516
Oman,3905
Oman,4009
Oman,7217
Oman,4819
Oman,3823
Oman,1504
Oman,7008
Oman,6812
Oman,2831
Oman,8212
Oman,4501
Oman,0603
Oman,4004
Oman,4503
Oman,8529
Oman,4410
Oman,7214
Oman,7225
Oman,6003
Oman,6210
Oman,8502
Oman,1507
Oman,4806
Oman,8438
Oman,8714
Oman,9601
Oman,8470
Oman,0602
Oman,0907
Oman,6212
Oman,6813
Oman,8525
Oman,5705
Oman,0707
Oman,7507
Oman,9112
Oman,8710
Oman,8457
Oman,1109
Oman,7901
Oman,4901
Oman,6106
Oman,3204
Oman,8303
Oman,2820
Oman,3826
Oman,4415
Oman,6215
Oman,4408
Oman,9010
Oman,9028
Oman,7001
Oman,8485
Oman,8480
Oman,3002
Oman,2402
Oman,9030
Oman,2302
Oman,7323
Oman,1003
Oman,7011
Oman,6702
Oman,2504
Oman,8530
Oman,2817
Oman,5210
Oman,3903
Oman,4007
Oman,8526
Oman,9031
Oman,6217
Oman,4404
Oman,8705
Oman,8481
Oman,3201
Oman,3209
Oman,7614
Oman,2106
Oman,3407
Oman,8402
Oman,8460
Oman,4206
Oman,7602
Oman,8508
Oman,8304
Oman,4601
Oman,2009
Oman,4803
Oman,8519
Oman,4012
Oman,3814
Oman,6005
Oman,1801
Oman,8208
Oman,8467
Oman,1214
Oman,1803
Oman,0106
Oman,7613
Oman,8449
Oman,8707
Oman,3406
Oman,3307
Oman,5811
Oman,7501
Oman,8463
Oman,8213
Oman,8702
Oman,9032
Oman,6211
Oman,7202
Oman,8541
Oman,3304
Oman,8418
Oman,8450
Oman,6402
Oman,7615
Oman,3001
Oman,8474
Oman,9008
Oman,3405
Oman,3810
Oman,7211
Oman,2001
Oman,6002
Oman,6401
Oman,2401
Oman,8516
Oman,8518
Oman,4418
Oman,2518
Oman,2304
Oman,0804
Oman,9611
Oman,8215
Oman,4905
Oman,5402
Oman,8801
Oman,8305
Oman,8473
Oman,5404
Oman,8405
Oman,5801
Oman,2846
Oman,5607
Oman,2508
Oman,7903
Oman,0307
Oman,8701
Oman,7206
Oman,7302
Oman,6206
Oman,8522
Oman,1301
Oman,0404
Oman,4112
Oman,6004
Oman,8548
Oman,2901
Oman,4818
Oman,1517
Oman,3821
Oman,9403
Oman,9603
Oman,3915
Oman,7305
Oman,8104
Oman,8445
Oman,8523
Oman,8427
Oman,0706
Oman,8802
Oman,1704
Oman,6808
Oman,9033
Oman,6214
Oman,7201
Oman,9022
Oman,8301
Oman,6807
Oman,8905
Oman,4809
Oman,0809
Oman,3902
Oman,9101
Oman,5309
Oman,2519
Oman,7315
Oman,0308
Oman,2826
Oman,3505
Oman,4101
Oman,4810
Oman,2618
Oman,2619
Oman,4114
Oman,7404
Oman,2511
Oman,5407
Oman,9021
Oman,9027
Oman,8715
Oman,8413
Oman,8537
Oman,9106
Oman,5204
Oman,7502
Oman,8440
Oman,0712
Oman,7801
Oman,3906
Oman,2003
Oman,2521
Oman,5401
Oman,5906
Oman,7407
Oman,2839
Oman,8105
Oman,8419
Oman,3819
Oman,9007
Oman,8420
Oman,7610
Oman,2004
Oman,0305
Oman,4704
Oman,5007
Oman,9617
Oman,3705
Oman,6907
Oman,8431
Oman,2840
Oman,9002
Oman,5903
Oman,0910
Oman,4908
Oman,5808
Oman,7219
Oman,8435
Oman,8426
Oman,8432
Oman,5405
Oman,1804
Oman,3703
Oman,7205
Oman,4202
Oman,6406
Oman,7228
Oman,8542
Oman,0714
Oman,3704
Oman,7410
Oman,7505
Oman,8471
Oman,8536
Oman,8466
Oman,9001
Oman,2506
Oman,6112
Oman,8412
Oman,2844
Oman,9104
Oman,2620
Oman,2939
Oman,3302
Oman,2904
Oman,8414
Oman,6804
Oman,3816
Oman,4906
Oman,6213
Oman,4107
Oman,7506
Oman,8406
Oman,8446
Oman,9508
Oman,4002
Oman,2815
Oman,9610
Oman,9702
Oman,0403
Oman,2530
Oman,8209
Oman,8535
Oman,7902
Oman,3913
Oman,7907
Oman,1501
Oman,5507
Oman,9505
Oman,8214
Oman,6113
Oman,6006
Oman,0303
Qatar,4421
Qatar,9202
Qatar,6204
Qatar,8504
Qatar,5608
Qatar,2918
Qatar,6203
Qatar,8903
Qatar,6105
Qatar,8487
Qatar,2853
Qatar,6104
Qatar,2902
Qatar,7612
Qatar,1702
Qatar,2102
Qatar,8533
Qatar,7406
Qatar,9004
Qatar,6506
Qatar,4414
Qatar,9017
Qatar,8706
Qatar,3804
Qatar,6811
Qatar,0713
Qatar,8434
Qatar,0104
Qatar,6601
Qatar,1510
Qatar,6114
Qatar,6815
Qatar,9025
Qatar,0405
Qatar,3707
Qatar,7415
Qatar,2835
Qatar,2806
Qatar,6306
Qatar,8712
Qatar,3101
Qatar,7227
Qatar,8417
Qatar,1905
Qatar,3701
Qatar,9206
Qatar,3924
Qatar,3904
Qatar,4201
Qatar,7309
Qatar,8306
Qatar,9620
Qatar,8452
Qatar,8207
Qatar,7413
Qatar,8007
Qatar,1001
Qatar,4008
Qatar,2104
Qatar,2804
Qatar,5702
Qatar,3907
Qatar,8486
Qatar,5603
Qatar,8505
Qatar,2849
Qatar,2505
Qatar,5901
Qatar,8436
Qatar,0704
Qatar,0208
Qatar,1602
Qatar,9506
Qatar,1601
Qatar,9012
Qatar,6305
Qatar,0906
Qatar,3306
Qatar,6909
Qatar,8206
Qatar,8510
Qatar,6309
Qatar,8907
Qatar,3802
Qatar,2934
Qatar,6103
Qatar,8507
Qatar,9619
Qatar,6912
Qatar,1515
Qatar,8201
Qatar,8415
Qatar,8604
Qatar,4017
Qatar,8538
Qatar,2501
Qatar,6603
Qatar,1509
Qatar,1101
Qatar,4407
Qatar,6117
Qatar,7316
Qatar,5703
Qatar,6704
Qatar,8478
Qatar,8544
Qatar,2002
Qatar,2516
Qatar,9011
Qatar,8804
Qatar,9026
Qatar,9114
Qatar,3910
Qatar,7322
Qatar,8442
Qatar,2812
Qatar,6809
Qatar,8310
Qatar,3923
Qatar,7005
Qatar,0802
Qatar,5609
Qatar,8513
Qatar,3919
Qatar,8459
Qatar,9615
Qatar,8453
Qatar,0102
Qatar,6902
Qatar,4419
Qatar,7218
Qatar,7503
Qatar,8531
Qatar,7606
Qatar,8527
Qatar,8528
Qatar,8711
Qatar,8465
Qatar,0306
Qatar,4820
Qatar,4707
Qatar,6001
Qatar,8210
Qatar,1404
Qatar,9207
Qatar,7010
Qatar,3925
Qatar,2833
Qatar,1508
Qatar,1514
Qatar,6501
Qatar,8455
Qatar,7017
Qatar,7607
Qatar,6109
Qatar,0408
Qatar,3702
Qatar,2827
Qatar,0709
Qatar,0705
Qatar,2845
Qatar,7905
Qatar,0701
Qatar,3912
Qatar,8211
Qatar,2909
Qatar,8503
Qatar,9013
Qatar,2529
Qatar,4910
Qatar,5806
Qatar,6107
Qatar,8607
Qatar,0202
Qatar,9105
Qatar,6216
Qatar,4909
Qatar,6801
Qatar,2834
Qatar,9024
Qatar,3403
Qatar,3801
Qatar,7210
Qatar,3815
Qatar,3824
Qatar,8302
Qatar,0703
Qatar,0406
Qatar,7018
Qatar,4001
Qatar,2933
Qatar,8422
Qatar,7411
Qatar,2309
Qatar,7013
Qatar,4821
Qatar,8547
Qatar,2841
Qatar,8703
Qatar,7004
Qatar,8203
Qatar,4403
Qatar,3303
Qatar,1302
Qatar,4303
Qatar,7401
Qatar,8708
Qatar,9402
Qatar,9507
Qatar,3808
Qatar,0206
Qatar,9102
Qatar,6310
Qatar,7229
Qatar,8407
Qatar,8477
Qatar,1108
Qatar,6911
Qatar,0909
Qatar,7320
Qatar,7019
Qatar,7419
Qatar,3105
Qatar,1209
Qatar,7409
Qatar,9405
Qatar,3102
Qatar,4205
Qatar,3202
Qatar,9019
Qatar,2932
Qatar,0504
Qatar,7002
Qatar,0401
Qatar,3916
Qatar,6205
Qatar,7319
Qatar,7804
Qatar,8435
Qatar,7321
Qatar,0908
Qatar,3901
Qatar,4811
Qatar,9020
Qatar,4417
Qatar,8805
Qatar,8482
Qatar,8462
Qatar,8464
Qatar,3812
Qatar,5810
Qatar,4902
Qatar,6209
Qatar,7209
Qatar,7226
Qatar,8546
Qatar,2101
Qatar,3210
Qatar,8606
Qatar,8511
Qatar,3918
Qatar,1518
Qatar,0711
Qatar,2910
Qatar,8309
Qatar,7215
Qatar,8308
Qatar,0409
Qatar,0101
Qatar,3908
Qatar,4409
Qatar,7003
Qatar,9111
Qatar,2917
Qatar,5804
Qatar,5112
Qatar,9201
Qatar,4911
Qatar,2922
Qatar,7325
Qatar,9016
Qatar,8539
Qatar,8439
Qatar,1512
Qatar,0811
Qatar,3003
Qatar,9014
Qatar,8428
Qatar,2811
Qatar,8468
Qatar,1006
Qatar,6303
Qatar,2824
Qatar,8534
Qatar,6101
Qatar,8461
Qatar,7222
Qatar,9015
Qatar,8311
Qatar,2814
Qatar,7601
Qatar,8713
Qatar,3206
Qatar,0702
Qatar,8433
Qatar,2936
Qatar,7508
Qatar,6116
Qatar,9706
Qatar,2008
Qatar,2828
Qatar,8524
Qatar,9208
Qatar,8906
Qatar,8441
Qatar,2207
Qatar,4006
Qatar,5905
Qatar,7020
Qatar,9401
Qatar,3208
Qatar,4804
Qatar,6507
Qatar,3506
Qatar,1901
Qatar,7403
Qatar,6802
Qatar,7306
Qatar,3207
Qatar,9103
Qatar,6108
Qatar,5809
Qatar,6810
Qatar,0304
Qatar,2517
Qatar,1106
Qatar,7007
Qatar,8443
Qatar,7312
Qatar,7604
Qatar,0803
Qatar,2503
Qatar,7317
Qatar,8411
Qatar,8545
Qatar,7408
Qatar,9701
Qatar,9609
Qatar,9613
Qatar,7318
Qatar,6301
Qatar,4823
Qatar,6111
Qatar,2903
Qatar,3402
Qatar,9618
Qatar,9108
Qatar,2103
Qatar,9705
Qatar,8512
Qatar,0511
Qatar,1104
Qatar,1604
Qatar,2308
Qatar,8532
Qatar,5907
Qatar,8421
Qatar,2523
Qatar,4005
Qatar,5208
Qatar,8543
Qatar,8451
Qatar,5515
Qatar,8475
Qatar,4805
Qatar,8408
Qatar,0813
Qatar,8476
Qatar,8904
Qatar,8501
Qatar,4411
Qatar,7418
Qatar,8509
Qatar,8423
Qatar,2921
Qatar,0808
Qatar,6202
Qatar,8521
Qatar,8709
Qatar,9404
Qatar,8108
Qatar,4003
Qatar,0402
Qatar,8448
Qatar,6805
Qatar,8603
Qatar,8205
Qatar,1516
Qatar,1806
Qatar,3006
Qatar,3811
Qatar,0810
Qatar,1701
Qatar,9018
Qatar,7326
Qatar,8506
Qatar,1202
Qatar,7304
Qatar,2931
Qatar,2208
Qatar,2203
Qatar,6405
Qatar,5513
Qatar,9209
Qatar,4015
Qatar,0210
Qatar,7203
Qatar,7006
Qatar,3401
Qatar,3215
Qatar,7904
Qatar,6110
Qatar,1005
Qatar,4814
Qatar,6910
Qatar,9205
Qatar,5601
Qatar,5211
Qatar,6201
Qatar,7009
Qatar,9607
Qatar,8716
Qatar,9608
Qatar,4304
Qatar,0807
Qatar,3214
Qatar,9107
Qatar,3305
Qatar,2005
Qatar,6403
Qatar,2923
Qatar,9504
Qatar,5602
Qatar,8549
Qatar,4203
Qatar,0901
Qatar,6208
Qatar,8410
Qatar,2105
Qatar,0207
Qatar,0302
Qatar,8429
Qatar,3104
Qatar,7301
Qatar,6404
Qatar,8602
Qatar,4406
Qatar,3922
Qatar,6115
Qatar,8704
Qatar,8483
Qatar,0904
Qatar,3809
Qatar,8517
Qatar,9006
Qatar,7313
Qatar,8540
Qatar,7307
Qatar,2905
Qatar,3813
Qatar,7016
Qatar,4103
Qatar,6913
Qatar,3004
Qatar,5209
Qatar,2832
Qatar,3926
Qatar,7608
Qatar,8424
Qatar,8458
Qatar,6207
Qatar,2204
Qatar,4420
Qatar,8409
Qatar,9029
Qatar,0407
Qatar,2515
Qatar,9703
Qatar,6304
Qatar,7611
Qatar,6102
Qatar,4817
Qatar,5902
Qatar,2915
Qatar,2201
Qatar,2603
Qatar,6307
Qatar,4402
Qatar,2606
Qatar,9406
Qatar,7311
Qatar,3909
Qatar,2942
Qatar,7207
Qatar,0201
Qatar,9113
Qatar,4016
Qatar,7308
Qatar,7310
Qatar,8609
Qatar,0710
Qatar,2007
Qatar,2810
Qatar,3504
Qatar,3917
Qatar,0801
Qatar,7412
Qatar,8608
Qatar,0902
Qatar,8416
Qatar,2821
Qatar,3920
Qatar,3921
Qatar,7208
Qatar,8515
Qatar,8456
Qatar,8472
Qatar,4602
Qatar,8404
Qatar,3817
Qatar,8430
Qatar,1102
Qatar,8425
Qatar,9602
Qatar,2912
Qatar,3911
Qatar,9503
Qatar,6806
Qatar,8901
Qatar,2836
Qatar,0805
Qatar,1211
Qatar,8514
Qatar,5514
Qatar,6914
Qatar,8484
Qatar,8807
Qatar,4412
Qatar,8202
Qatar,7314
Qatar,2919
Qatar,6302
Qatar,4302
Qatar,3005
Qatar,7303
Qatar,5503
Qatar,6504
Qatar,9003
Qatar,8479
Qatar,9005
Qatar,7324
Qatar,4011
Qatar,7616
Qatar,5212
Qatar,9605
Qatar,1904
Qatar,8204
Qatar,4413
Qatar,1513
Qatar,0806
Qatar,4802
Qatar,3822
Qatar,2202
Qatar,3820
Qatar,8454
Qatar,0204
Qatar,2916
Qatar,9614
Qatar,7204
Qatar,9616
Qatar,1605
Qatar,6505
Qatar,3103
Qatar,2513
Qatar,9023
Qatar,4010
Qatar,5910
Qatar,1902
Qatar,7212
Qatar,7216
Qatar,5911
Qatar,8806
Qatar,3404
Qatar,7609
Qatar,5701
Qatar,3905
Qatar,4009
Qatar,7217
Qatar,4819
Qatar,3823
Qatar,7008
Qatar,6812
Qatar,8212
Qatar,0603
Qatar,4004
Qatar,4503
Qatar,8529
Qatar,4410
Qatar,7214
Qatar,7225
Qatar,6003
Qatar,6210
Qatar,8502
Qatar,1507
Qatar,8714
Qatar,8438
Qatar,8470
Qatar,0602
Qatar,0907
Qatar,6212
Qatar,6813
Qatar,8525
Qatar,5705
Qatar,0707
Qatar,7507
Qatar,8457
Qatar,7901
Qatar,4901
Qatar,6106
Qatar,3204
Qatar,8303
Qatar,4415
Qatar,9028
Qatar,6215
Qatar,9010
Qatar,4408
Qatar,7802
Qatar,7001
Qatar,8485
Qatar,8480
Qatar,3002
Qatar,2402
Qatar,9030
Qatar,7323
Qatar,1003
Qatar,7011
Qatar,6702
Qatar,8530
Qatar,2817
Qatar,5210
Qatar,3903
Qatar,9031
Qatar,8526
Qatar,6217
Qatar,4404
Qatar,8705
Qatar,8481
Qatar,3209
Qatar,7614
Qatar,2106
Qatar,8402
Qatar,8460
Qatar,8508
Qatar,8304
Qatar,4601
Qatar,2009
Qatar,4803
Qatar,8519
Qatar,4012
Qatar,3814
Qatar,6005
Qatar,8208
Qatar,8467
Qatar,1214
Qatar,0106
Qatar,7613
Qatar,8707
Qatar,3406
Qatar,3307
Qatar,8463
Qatar,8702
Qatar,9032
Qatar,6211
Qatar,7202
Qatar,8541
Qatar,3304
Qatar,8418
Qatar,8450
Qatar,6402
Qatar,7615
Qatar,3001
Qatar,8474
Qatar,9008
Qatar,3405
Qatar,3810
Qatar,5101
Qatar,7211
Qatar,2001
Qatar,6401
Qatar,8516
Qatar,8518
Qatar,4418
Qatar,2518
Qatar,2304
Qatar,0804
Qatar,9611
Qatar,8215
Qatar,4905
Qatar,5402
Qatar,8801
Qatar,8305
Qatar,8473
Qatar,8405
Qatar,5801
Qatar,2846
Qatar,5607
Qatar,2508
Qatar,7903
Qatar,0307
Qatar,8701
Qatar,7302
Qatar,6206
Qatar,8522
Qatar,8548
Qatar,2901
Qatar,4818
Qatar,1517
Qatar,9403
Qatar,9603
Qatar,3915
Qatar,7305
Qatar,8104
Qatar,8445
Qatar,8523
Qatar,8427
Qatar,0706
Qatar,8802
Qatar,1704
Qatar,6808
Qatar,9033
Qatar,6214
Qatar,7201
Qatar,9022
Qatar,8301
Qatar,6807
Qatar,8905
Qatar,4809
Qatar,0809
Qatar,3902
Qatar,9101
Qatar,2519
Qatar,7315
Qatar,2826
Qatar,3505
Qatar,4101
Qatar,4810
Qatar,2618
Qatar,2511
Qatar,5407
Qatar,9021
Qatar,9027
Qatar,8715
Qatar,8413
Qatar,8537
Qatar,9106
Qatar,8440
Qatar,0712
Qatar,7801
Qatar,3906
Qatar,2521
Qatar,5906
Qatar,7407
Qatar,2839
Qatar,8105
Qatar,8419
Qatar,3819
Qatar,9007
Qatar,8420
Qatar,7610
Qatar,2004
Qatar,0305
Qatar,5007
Qatar,9617
Qatar,6907
Qatar,8431
Qatar,9002
Qatar,5903
Qatar,0910
Qatar,4908
Qatar,7219
Qatar,8426
Qatar,8432
Qatar,7205
Qatar,4202
Qatar,6406
Qatar,7228
Qatar,8542
Qatar,0714
Qatar,8471
Qatar,8536
Qatar,5002
Qatar,7505
Qatar,9001
Qatar,8466
Qatar,6112
Qatar,8412
Qatar,2844
Qatar,2620
Qatar,3302
Qatar,8414
Qatar,6804
Qatar,3816
Qatar,4906
Qatar,6213
Qatar,4107
Qatar,7506
Qatar,8406
Qatar,9508
Qatar,4002
Qatar,2815
Qatar,9610
Qatar,9702
Qatar,0403
Qatar,2530
Qatar,8209
Qatar,8535
Qatar,7902
Qatar,3913
Qatar,7907
Qatar,9505
Qatar,8214
Qatar,6113
Qatar,6006
Qatar,0303
Saudi Arabia,4421
Saudi Arabia,2601
Saudi Arabia,9202
Saudi Arabia,6204
Saudi Arabia,6905
Saudi Arabia,5608
Saudi Arabia,2918
Saudi Arabia,6203
Saudi Arabia,8504
Saudi Arabia,2006
Saudi Arabia,4405
Saudi Arabia,8903
Saudi Arabia,6105
Saudi Arabia,8487
Saudi Arabia,2853
Saudi Arabia,6104
Saudi Arabia,7220
Saudi Arabia,2902
Saudi Arabia,4416
Saudi Arabia,7612
Saudi Arabia,1702
Saudi Arabia,2102
Saudi Arabia,8533
Saudi Arabia,7406
Saudi Arabia,9004
Saudi Arabia,8113
Saudi Arabia,6506
Saudi Arabia,4414
Saudi Arabia,9017
Saudi Arabia,8706
Saudi Arabia,3804
Saudi Arabia,6811
Saudi Arabia,0713
Saudi Arabia,4706
Saudi Arabia,8434
Saudi Arabia,0104
Saudi Arabia,3213
Saudi Arabia,1510
Saudi Arabia,2613
Saudi Arabia,2906
Saudi Arabia,6114
Saudi Arabia,6601
Saudi Arabia,0405
Saudi Arabia,6815
Saudi Arabia,9025
Saudi Arabia,3707
Saudi Arabia,7415
Saudi Arabia,0505
Saudi Arabia,2835
Saudi Arabia,2806
Saudi Arabia,6306
Saudi Arabia,8712
Saudi Arabia,2935
Saudi Arabia,2823
Saudi Arabia,3101
Saudi Arabia,7227
Saudi Arabia,8417
Saudi Arabia,1905
Saudi Arabia,2925
Saudi Arabia,3701
Saudi Arabia,9206
Saudi Arabia,3924
Saudi Arabia,3904
Saudi Arabia,2908
Saudi Arabia,9606
Saudi Arabia,4201
Saudi Arabia,7309
Saudi Arabia,1520
Saudi Arabia,8306
Saudi Arabia,9620
Saudi Arabia,8452
Saudi Arabia,2512
Saudi Arabia,3211
Saudi Arabia,8207
Saudi Arabia,7413
Saudi Arabia,8007
Saudi Arabia,1001
Saudi Arabia,4008
Saudi Arabia,2104
Saudi Arabia,2804
Saudi Arabia,5702
Saudi Arabia,3907
Saudi Arabia,8486
Saudi Arabia,6308
Saudi Arabia,2929
Saudi Arabia,5603
Saudi Arabia,8401
Saudi Arabia,8505
Saudi Arabia,2849
Saudi Arabia,2505
Saudi Arabia,5901
Saudi Arabia,7221
Saudi Arabia,0704
Saudi Arabia,0208
Saudi Arabia,1602
Saudi Arabia,8436
Saudi Arabia,9506
Saudi Arabia,1601
Saudi Arabia,9012
Saudi Arabia,6305
Saudi Arabia,0906
Saudi Arabia,8102
Saudi Arabia,8307
Saudi Arabia,8605
Saudi Arabia,3306
Saudi Arabia,6909
Saudi Arabia,8206
Saudi Arabia,5501
Saudi Arabia,8510
Saudi Arabia,5106
Saudi Arabia,6309
Saudi Arabia,1903
Saudi Arabia,8907
Saudi Arabia,2522
Saudi Arabia,2937
Saudi Arabia,3802
Saudi Arabia,4705
Saudi Arabia,5512
Saudi Arabia,1805
Saudi Arabia,2934
Saudi Arabia,6103
Saudi Arabia,5403
Saudi Arabia,3818
Saudi Arabia,8447
Saudi Arabia,8507
Saudi Arabia,6912
Saudi Arabia,1515
Saudi Arabia,8201
Saudi Arabia,8415
Saudi Arabia,9619
Saudi Arabia,8604
Saudi Arabia,4017
Saudi Arabia,8538
Saudi Arabia,2501
Saudi Arabia,2926
Saudi Arabia,1201
Saudi Arabia,2514
Saudi Arabia,6603
Saudi Arabia,1509
Saudi Arabia,1101
Saudi Arabia,2507
Saudi Arabia,2924
Saudi Arabia,4407
Saudi Arabia,6117
Saudi Arabia,7316
Saudi Arabia,5703
Saudi Arabia,0604
Saudi Arabia,6704
Saudi Arabia,8478
Saudi Arabia,2404
Saudi Arabia,4808
Saudi Arabia,8544
Saudi Arabia,2002
Saudi Arabia,2516
Saudi Arabia,5111
Saudi Arabia,9011
Saudi Arabia,8804
Saudi Arabia,9026
Saudi Arabia,7603
Saudi Arabia,9114
Saudi Arabia,3910
Saudi Arabia,0812
Saudi Arabia,5506
Saudi Arabia,2825
Saudi Arabia,1204
Saudi Arabia,7322
Saudi Arabia,8442
Saudi Arabia,2812
Saudi Arabia,5103
Saudi Arabia,6809
Saudi Arabia,8310
Saudi Arabia,3923
Saudi Arabia,4801
Saudi Arabia,7005
Saudi Arabia,0802
Saudi Arabia,3806
Saudi Arabia,5704
Saudi Arabia,5609
Saudi Arabia,8513
Saudi Arabia,3919
Saudi Arabia,8459
Saudi Arabia,9615
Saudi Arabia,3501
Saudi Arabia,8453
Saudi Arabia,0102
Saudi Arabia,0105
Saudi Arabia,6902
Saudi Arabia,4419
Saudi Arabia,7218
Saudi Arabia,7503
Saudi Arabia,1213
Saudi Arabia,8531
Saudi Arabia,7606
Saudi Arabia,8527
Saudi Arabia,8528
Saudi Arabia,8711
Saudi Arabia,8465
Saudi Arabia,0306
Saudi Arabia,2914
Saudi Arabia,4707
Saudi Arabia,4820
Saudi Arabia,6001
Saudi Arabia,8103
Saudi Arabia,1404
Saudi Arabia,5605
Saudi Arabia,8210
Saudi Arabia,9207
Saudi Arabia,7010
Saudi Arabia,2907
Saudi Arabia,3925
Saudi Arabia,5508
Saudi Arabia,2833
Saudi Arabia,1508
Saudi Arabia,1514
Saudi Arabia,5113
Saudi Arabia,6501
Saudi Arabia,5509
Saudi Arabia,7017
Saudi Arabia,8455
Saudi Arabia,7607
Saudi Arabia,6109
Saudi Arabia,0408
Saudi Arabia,3702
Saudi Arabia,2827
Saudi Arabia,0709
Saudi Arabia,0705
Saudi Arabia,2845
Saudi Arabia,3507
Saudi Arabia,7905
Saudi Arabia,0701
Saudi Arabia,3912
Saudi Arabia,8211
Saudi Arabia,2909
Saudi Arabia,8503
Saudi Arabia,9013
Saudi Arabia,2529
Saudi Arabia,4910
Saudi Arabia,5806
Saudi Arabia,6107
Saudi Arabia,8607
Saudi Arabia,0202
Saudi Arabia,9105
Saudi Arabia,6216
Saudi Arabia,4909
Saudi Arabia,2509
Saudi Arabia,2834
Saudi Arabia,6801
Saudi Arabia,9024
Saudi Arabia,9612
Saudi Arabia,3403
Saudi Arabia,3801
Saudi Arabia,7210
Saudi Arabia,0903
Saudi Arabia,4812
Saudi Arabia,3815
Saudi Arabia,3824
Saudi Arabia,0708
Saudi Arabia,4113
Saudi Arabia,8302
Saudi Arabia,5505
Saudi Arabia,0703
Saudi Arabia,0406
Saudi Arabia,7018
Saudi Arabia,4001
Saudi Arabia,2933
Saudi Arabia,2941
Saudi Arabia,8422
Saudi Arabia,7411
Saudi Arabia,2309
Saudi Arabia,7013
Saudi Arabia,4821
Saudi Arabia,8547
Saudi Arabia,2841
Saudi Arabia,8703
Saudi Arabia,4903
Saudi Arabia,7004
Saudi Arabia,8203
Saudi Arabia,4403
Saudi Arabia,3303
Saudi Arabia,1302
Saudi Arabia,4303
Saudi Arabia,8708
Saudi Arabia,9402
Saudi Arabia,9507
Saudi Arabia,0206
Saudi Arabia,3808
Saudi Arabia,7405
Saudi Arabia,9102
Saudi Arabia,6310
Saudi Arabia,7229
Saudi Arabia,8407
Saudi Arabia,8477
Saudi Arabia,1108
Saudi Arabia,6911
Saudi Arabia,0909
Saudi Arabia,7320
Saudi Arabia,7019
Saudi Arabia,1105
Saudi Arabia,7419
Saudi Arabia,3105
Saudi Arabia,1209
Saudi Arabia,7409
Saudi Arabia,9405
Saudi Arabia,3102
Saudi Arabia,2615
Saudi Arabia,4205
Saudi Arabia,3202
Saudi Arabia,9019
Saudi Arabia,2932
Saudi Arabia,0504
Saudi Arabia,7002
Saudi Arabia,0401
Saudi Arabia,3916
Saudi Arabia,6205
Saudi Arabia,7319
Saudi Arabia,5205
Saudi Arabia,7804
Saudi Arabia,5802
Saudi Arabia,2843
Saudi Arabia,0908
Saudi Arabia,3901
Saudi Arabia,4811
Saudi Arabia,7321
Saudi Arabia,4417
Saudi Arabia,9020
Saudi Arabia,8805
Saudi Arabia,8482
Saudi Arabia,8462
Saudi Arabia,5803
Saudi Arabia,8464
Saudi Arabia,2604
Saudi Arabia,3301
Saudi Arabia,3812
Saudi Arabia,5810
Saudi Arabia,4902
Saudi Arabia,6209
Saudi Arabia,7209
Saudi Arabia,7226
Saudi Arabia,8546
Saudi Arabia,2101
Saudi Arabia,3210
Saudi Arabia,2803
Saudi Arabia,8606
Saudi Arabia,5406
Saudi Arabia,6904
Saudi Arabia,8511
Saudi Arabia,3918
Saudi Arabia,5109
Saudi Arabia,5606
Saudi Arabia,1518
Saudi Arabia,0711
Saudi Arabia,2910
Saudi Arabia,0905
Saudi Arabia,6803
Saudi Arabia,7605
Saudi Arabia,7215
Saudi Arabia,8308
Saudi Arabia,5311
Saudi Arabia,8309
Saudi Arabia,0409
Saudi Arabia,0101
Saudi Arabia,3908
Saudi Arabia,6814
Saudi Arabia,4409
Saudi Arabia,7003
Saudi Arabia,9111
Saudi Arabia,2917
Saudi Arabia,4401
Saudi Arabia,3203
Saudi Arabia,4907
Saudi Arabia,5112
Saudi Arabia,5804
Saudi Arabia,9201
Saudi Arabia,4911
Saudi Arabia,1505
Saudi Arabia,2922
Saudi Arabia,7325
Saudi Arabia,9016
Saudi Arabia,8539
Saudi Arabia,1002
Saudi Arabia,3606
Saudi Arabia,5207
Saudi Arabia,8439
Saudi Arabia,1512
Saudi Arabia,0506
Saudi Arabia,0811
Saudi Arabia,3003
Saudi Arabia,9014
Saudi Arabia,8428
Saudi Arabia,1004
Saudi Arabia,2811
Saudi Arabia,4014
Saudi Arabia,8468
Saudi Arabia,1006
Saudi Arabia,6303
Saudi Arabia,2824
Saudi Arabia,8101
Saudi Arabia,6101
Saudi Arabia,8534
Saudi Arabia,8461
Saudi Arabia,7222
Saudi Arabia,9015
Saudi Arabia,8311
Saudi Arabia,2814
Saudi Arabia,7601
Saudi Arabia,2621
Saudi Arabia,8713
Saudi Arabia,3206
Saudi Arabia,0702
Saudi Arabia,8433
Saudi Arabia,2936
Saudi Arabia,7508
Saudi Arabia,6116
Saudi Arabia,9706
Saudi Arabia,2008
Saudi Arabia,2828
Saudi Arabia,8524
Saudi Arabia,9208
Saudi Arabia,8906
Saudi Arabia,8441
Saudi Arabia,2207
Saudi Arabia,4006
Saudi Arabia,5905
Saudi Arabia,2930
Saudi Arabia,7020
Saudi Arabia,9401
Saudi Arabia,5310
Saudi Arabia,3208
Saudi Arabia,4804
Saudi Arabia,9604
Saudi Arabia,6507
Saudi Arabia,3506
Saudi Arabia,1901
Saudi Arabia,2612
Saudi Arabia,6802
Saudi Arabia,7403
Saudi Arabia,4105
Saudi Arabia,7306
Saudi Arabia,4502
Saudi Arabia,3207
Saudi Arabia,9103
Saudi Arabia,6108
Saudi Arabia,2809
Saudi Arabia,5809
Saudi Arabia,6810
Saudi Arabia,8601
Saudi Arabia,0304
Saudi Arabia,2517
Saudi Arabia,1106
Saudi Arabia,7007
Saudi Arabia,8443
Saudi Arabia,7312
Saudi Arabia,7604
Saudi Arabia,0803
Saudi Arabia,2503
Saudi Arabia,7317
Saudi Arabia,8411
Saudi Arabia,8545
Saudi Arabia,7408
Saudi Arabia,9701
Saudi Arabia,9609
Saudi Arabia,9613
Saudi Arabia,7318
Saudi Arabia,6301
Saudi Arabia,4823
Saudi Arabia,6111
Saudi Arabia,2903
Saudi Arabia,2802
Saudi Arabia,1703
Saudi Arabia,3402
Saudi Arabia,9618
Saudi Arabia,9108
Saudi Arabia,2103
Saudi Arabia,1506
Saudi Arabia,1212
Saudi Arabia,8512
Saudi Arabia,9705
Saudi Arabia,0511
Saudi Arabia,1104
Saudi Arabia,1604
Saudi Arabia,4807
Saudi Arabia,7224
Saudi Arabia,8532
Saudi Arabia,3914
Saudi Arabia,5907
Saudi Arabia,2510
Saudi Arabia,8421
Saudi Arabia,4703
Saudi Arabia,2523
Saudi Arabia,3827
Saudi Arabia,4005
Saudi Arabia,5208
Saudi Arabia,8543
Saudi Arabia,8437
Saudi Arabia,8451
Saudi Arabia,8904
Saudi Arabia,5515
Saudi Arabia,8475
Saudi Arabia,4805
Saudi Arabia,8408
Saudi Arabia,0813
Saudi Arabia,8476
Saudi Arabia,1206
Saudi Arabia,6701
Saudi Arabia,4411
Saudi Arabia,7418
Saudi Arabia,8501
Saudi Arabia,2403
Saudi Arabia,2921
Saudi Arabia,0808
Saudi Arabia,6202
Saudi Arabia,8423
Saudi Arabia,8509
Saudi Arabia,8521
Saudi Arabia,8709
Saudi Arabia,8108
Saudi Arabia,4003
Saudi Arabia,0402
Saudi Arabia,9404
Saudi Arabia,8448
Saudi Arabia,6805
Saudi Arabia,5202
Saudi Arabia,8603
Saudi Arabia,8205
Saudi Arabia,5909
Saudi Arabia,1516
Saudi Arabia,1806
Saudi Arabia,3006
Saudi Arabia,3811
Saudi Arabia,0810
Saudi Arabia,1701
Saudi Arabia,9018
Saudi Arabia,7326
Saudi Arabia,8506
Saudi Arabia,1202
Saudi Arabia,4504
Saudi Arabia,7304
Saudi Arabia,8902
Saudi Arabia,1107
Saudi Arabia,1401
Saudi Arabia,2819
Saudi Arabia,2208
Saudi Arabia,2931
Saudi Arabia,5502
Saudi Arabia,2209
Saudi Arabia,5513
Saudi Arabia,6405
Saudi Arabia,9209
Saudi Arabia,4015
Saudi Arabia,0210
Saudi Arabia,7203
Saudi Arabia,7006
Saudi Arabia,6602
Saudi Arabia,0410
Saudi Arabia,6901
Saudi Arabia,3401
Saudi Arabia,3215
Saudi Arabia,7904
Saudi Arabia,7806
Saudi Arabia,6110
Saudi Arabia,1005
Saudi Arabia,4814
Saudi Arabia,6910
Saudi Arabia,9205
Saudi Arabia,5601
Saudi Arabia,0301
Saudi Arabia,3605
Saudi Arabia,6502
Saudi Arabia,5211
Saudi Arabia,6201
Saudi Arabia,5604
Saudi Arabia,2528
Saudi Arabia,2847
Saudi Arabia,7009
Saudi Arabia,9109
Saudi Arabia,9607
Saudi Arabia,8716
Saudi Arabia,9608
Saudi Arabia,4304
Saudi Arabia,0807
Saudi Arabia,5511
Saudi Arabia,2920
Saudi Arabia,3214
Saudi Arabia,3602
Saudi Arabia,2520
Saudi Arabia,3305
Saudi Arabia,2005
Saudi Arabia,6403
Saudi Arabia,9107
Saudi Arabia,2923
Saudi Arabia,9504
Saudi Arabia,2818
Saudi Arabia,5602
Saudi Arabia,8549
Saudi Arabia,4203
Saudi Arabia,2928
Saudi Arabia,0901
Saudi Arabia,1207
Saudi Arabia,0508
Saudi Arabia,6208
Saudi Arabia,8410
Saudi Arabia,2105
Saudi Arabia,0207
Saudi Arabia,0302
Saudi Arabia,8429
Saudi Arabia,4106
Saudi Arabia,3104
Saudi Arabia,7301
Saudi Arabia,6404
Saudi Arabia,8602
Saudi Arabia,4406
Saudi Arabia,4816
Saudi Arabia,2807
Saudi Arabia,3922
Saudi Arabia,1205
Saudi Arabia,6115
Saudi Arabia,7504
Saudi Arabia,8704
Saudi Arabia,8483
Saudi Arabia,0904
Saudi Arabia,3809
Saudi Arabia,8517
Saudi Arabia,9006
Saudi Arabia,8003
Saudi Arabia,7313
Saudi Arabia,2801
Saudi Arabia,5105
Saudi Arabia,5504
Saudi Arabia,8540
Saudi Arabia,7307
Saudi Arabia,2905
Saudi Arabia,3813
Saudi Arabia,7016
Saudi Arabia,7223
Saudi Arabia,4103
Saudi Arabia,6913
Saudi Arabia,2822
Saudi Arabia,3004
Saudi Arabia,2306
Saudi Arabia,2829
Saudi Arabia,2832
Saudi Arabia,3926
Saudi Arabia,5209
Saudi Arabia,6903
Saudi Arabia,7608
Saudi Arabia,5807
Saudi Arabia,8424
Saudi Arabia,1522
Saudi Arabia,6207
Saudi Arabia,3503
Saudi Arabia,4420
Saudi Arabia,8458
Saudi Arabia,8409
Saudi Arabia,9029
Saudi Arabia,0407
Saudi Arabia,2515
Saudi Arabia,9703
Saudi Arabia,6304
Saudi Arabia,7611
Saudi Arabia,2842
Saudi Arabia,6102
Saudi Arabia,4817
Saudi Arabia,5902
Saudi Arabia,4013
Saudi Arabia,2915
Saudi Arabia,2201
Saudi Arabia,2603
Saudi Arabia,5308
Saudi Arabia,6307
Saudi Arabia,4402
Saudi Arabia,9406
Saudi Arabia,3601
Saudi Arabia,7311
Saudi Arabia,3909
Saudi Arabia,2942
Saudi Arabia,7207
Saudi Arabia,0201
Saudi Arabia,5408
Saudi Arabia,9113
Saudi Arabia,4016
Saudi Arabia,7308
Saudi Arabia,7310
Saudi Arabia,2852
Saudi Arabia,0710
Saudi Arabia,8609
Saudi Arabia,2007
Saudi Arabia,3603
Saudi Arabia,4813
Saudi Arabia,5201
Saudi Arabia,2810
Saudi Arabia,3504
Saudi Arabia,3917
Saudi Arabia,0801
Saudi Arabia,7412
Saudi Arabia,8608
Saudi Arabia,0902
Saudi Arabia,1511
Saudi Arabia,8416
Saudi Arabia,5203
Saudi Arabia,9110
Saudi Arabia,2821
Saudi Arabia,3920
Saudi Arabia,3921
Saudi Arabia,7208
Saudi Arabia,0601
Saudi Arabia,8515
Saudi Arabia,8112
Saudi Arabia,8456
Saudi Arabia,7015
Saudi Arabia,8472
Saudi Arabia,4602
Saudi Arabia,8404
Saudi Arabia,3817
Saudi Arabia,4102
Saudi Arabia,8403
Saudi Arabia,8430
Saudi Arabia,1102
Saudi Arabia,1502
Saudi Arabia,2830
Saudi Arabia,6906
Saudi Arabia,8425
Saudi Arabia,2526
Saudi Arabia,9602
Saudi Arabia,2912
Saudi Arabia,5107
Saudi Arabia,3911
Saudi Arabia,9503
Saudi Arabia,6806
Saudi Arabia,8901
Saudi Arabia,2836
Saudi Arabia,0805
Saudi Arabia,3805
Saudi Arabia,1211
Saudi Arabia,8514
Saudi Arabia,5514
Saudi Arabia,6914
Saudi Arabia,1521
Saudi Arabia,8484
Saudi Arabia,4412
Saudi Arabia,8202
Saudi Arabia,8807
Saudi Arabia,3212
Saudi Arabia,7314
Saudi Arabia,7402
Saudi Arabia,2919
Saudi Arabia,7213
Saudi Arabia,3825
Saudi Arabia,6302
Saudi Arabia,4302
Saudi Arabia,3005
Saudi Arabia,7303
Saudi Arabia,5503
Saudi Arabia,6504
Saudi Arabia,9003
Saudi Arabia,1208
Saudi Arabia,8001
Saudi Arabia,8479
Saudi Arabia,9005
Saudi Arabia,5904
Saudi Arabia,4104
Saudi Arabia,4011
Saudi Arabia,7324
Saudi Arabia,7616
Saudi Arabia,2301
Saudi Arabia,5212
Saudi Arabia,5908
Saudi Arabia,9605
Saudi Arabia,9704
Saudi Arabia,1904
Saudi Arabia,8204
Saudi Arabia,5303
Saudi Arabia,4413
Saudi Arabia,1513
Saudi Arabia,0806
Saudi Arabia,2607
Saudi Arabia,3822
Saudi Arabia,2202
Saudi Arabia,3820
Saudi Arabia,4802
Saudi Arabia,0204
Saudi Arabia,8454
Saudi Arabia,2916
Saudi Arabia,4822
Saudi Arabia,9614
Saudi Arabia,7204
Saudi Arabia,3502
Saudi Arabia,9616
Saudi Arabia,1605
Saudi Arabia,5301
Saudi Arabia,1008
Saudi Arabia,3103
Saudi Arabia,6505
Saudi Arabia,2513
Saudi Arabia,2608
Saudi Arabia,8444
Saudi Arabia,9023
Saudi Arabia,4010
Saudi Arabia,1103
Saudi Arabia,1902
Saudi Arabia,5910
Saudi Arabia,7212
Saudi Arabia,7216
Saudi Arabia,5911
Saudi Arabia,8806
Saudi Arabia,3404
Saudi Arabia,7609
Saudi Arabia,5701
Saudi Arabia,5516
Saudi Arabia,3905
Saudi Arabia,4009
Saudi Arabia,5305
Saudi Arabia,7217
Saudi Arabia,4819
Saudi Arabia,3823
Saudi Arabia,1504
Saudi Arabia,7008
Saudi Arabia,2303
Saudi Arabia,2831
Saudi Arabia,6812
Saudi Arabia,8212
Saudi Arabia,4501
Saudi Arabia,0603
Saudi Arabia,4004
Saudi Arabia,4503
Saudi Arabia,8529
Saudi Arabia,4410
Saudi Arabia,7214
Saudi Arabia,7225
Saudi Arabia,6003
Saudi Arabia,6210
Saudi Arabia,8502
Saudi Arabia,1507
Saudi Arabia,4806
Saudi Arabia,8438
Saudi Arabia,8714
Saudi Arabia,5510
Saudi Arabia,8470
Saudi Arabia,0602
Saudi Arabia,0907
Saudi Arabia,6212
Saudi Arabia,6813
Saudi Arabia,8525
Saudi Arabia,5705
Saudi Arabia,0707
Saudi Arabia,7507
Saudi Arabia,9112
Saudi Arabia,8457
Saudi Arabia,1109
Saudi Arabia,7901
Saudi Arabia,4901
Saudi Arabia,6106
Saudi Arabia,3204
Saudi Arabia,8303
Saudi Arabia,2820
Saudi Arabia,4415
Saudi Arabia,6215
Saudi Arabia,9010
Saudi Arabia,4408
Saudi Arabia,9028
Saudi Arabia,7802
Saudi Arabia,7001
Saudi Arabia,8485
Saudi Arabia,8480
Saudi Arabia,3002
Saudi Arabia,2402
Saudi Arabia,9030
Saudi Arabia,2302
Saudi Arabia,7323
Saudi Arabia,1003
Saudi Arabia,7011
Saudi Arabia,6702
Saudi Arabia,8530
Saudi Arabia,2817
Saudi Arabia,5210
Saudi Arabia,3903
Saudi Arabia,4007
Saudi Arabia,8526
Saudi Arabia,9031
Saudi Arabia,6217
Saudi Arabia,4404
Saudi Arabia,8705
Saudi Arabia,8481
Saudi Arabia,3201
Saudi Arabia,3209
Saudi Arabia,7614
Saudi Arabia,2106
Saudi Arabia,2614
Saudi Arabia,3407
Saudi Arabia,8402
Saudi Arabia,8460
Saudi Arabia,7602
Saudi Arabia,8508
Saudi Arabia,8304
Saudi Arabia,4601
Saudi Arabia,2009
Saudi Arabia,4803
Saudi Arabia,8519
Saudi Arabia,4012
Saudi Arabia,3814
Saudi Arabia,6005
Saudi Arabia,1801
Saudi Arabia,8208
Saudi Arabia,8467
Saudi Arabia,1214
Saudi Arabia,1803
Saudi Arabia,0106
Saudi Arabia,7613
Saudi Arabia,8449
Saudi Arabia,8707
Saudi Arabia,3406
Saudi Arabia,3307
Saudi Arabia,8463
Saudi Arabia,8213
Saudi Arabia,8702
Saudi Arabia,9032
Saudi Arabia,6211
Saudi Arabia,7202
Saudi Arabia,8541
Saudi Arabia,3304
Saudi Arabia,8418
Saudi Arabia,8450
Saudi Arabia,6402
Saudi Arabia,7615
Saudi Arabia,3001
Saudi Arabia,8474
Saudi Arabia,9008
Saudi Arabia,3405
Saudi Arabia,3810
Saudi Arabia,5101
Saudi Arabia,7211
Saudi Arabia,2001
Saudi Arabia,6002
Saudi Arabia,6401
Saudi Arabia,2401
Saudi Arabia,8516
Saudi Arabia,8518
Saudi Arabia,4418
Saudi Arabia,2518
Saudi Arabia,2304
Saudi Arabia,0804
Saudi Arabia,9611
Saudi Arabia,8215
Saudi Arabia,4905
Saudi Arabia,5402
Saudi Arabia,8801
Saudi Arabia,8305
Saudi Arabia,8473
Saudi Arabia,5404
Saudi Arabia,8405
Saudi Arabia,5801
Saudi Arabia,5607
Saudi Arabia,2508
Saudi Arabia,7903
Saudi Arabia,0307
Saudi Arabia,8701
Saudi Arabia,7302
Saudi Arabia,6206
Saudi Arabia,8522
Saudi Arabia,1301
Saudi Arabia,0404
Saudi Arabia,4112
Saudi Arabia,6004
Saudi Arabia,8548
Saudi Arabia,2901
Saudi Arabia,4818
Saudi Arabia,1517
Saudi Arabia,3821
Saudi Arabia,9403
Saudi Arabia,9603
Saudi Arabia,3915
Saudi Arabia,7305
Saudi Arabia,8104
Saudi Arabia,8445
Saudi Arabia,2816
Saudi Arabia,8523
Saudi Arabia,8427
Saudi Arabia,0706
Saudi Arabia,8802
Saudi Arabia,1704
Saudi Arabia,6808
Saudi Arabia,9033
Saudi Arabia,8111
Saudi Arabia,6214
Saudi Arabia,7201
Saudi Arabia,9022
Saudi Arabia,2805
Saudi Arabia,8301
Saudi Arabia,3205
Saudi Arabia,6807
Saudi Arabia,8905
Saudi Arabia,4809
Saudi Arabia,0809
Saudi Arabia,3902
Saudi Arabia,9101
Saudi Arabia,5309
Saudi Arabia,2519
Saudi Arabia,7315
Saudi Arabia,0308
Saudi Arabia,2826
Saudi Arabia,3505
Saudi Arabia,4101
Saudi Arabia,4810
Saudi Arabia,2618
Saudi Arabia,2619
Saudi Arabia,4114
Saudi Arabia,7404
Saudi Arabia,2511
Saudi Arabia,5407
Saudi Arabia,9021
Saudi Arabia,9027
Saudi Arabia,8715
Saudi Arabia,8413
Saudi Arabia,8537
Saudi Arabia,9106
Saudi Arabia,5204
Saudi Arabia,7502
Saudi Arabia,8440
Saudi Arabia,0712
Saudi Arabia,7801
Saudi Arabia,3906
Saudi Arabia,2003
Saudi Arabia,2521
Saudi Arabia,5401
Saudi Arabia,5906
Saudi Arabia,2808
Saudi Arabia,2839
Saudi Arabia,7407
Saudi Arabia,8105
Saudi Arabia,8419
Saudi Arabia,3819
Saudi Arabia,9007
Saudi Arabia,2938
Saudi Arabia,8420
Saudi Arabia,7610
Saudi Arabia,2004
Saudi Arabia,0305
Saudi Arabia,4704
Saudi Arabia,5007
Saudi Arabia,1203
Saudi Arabia,9617
Saudi Arabia,6907
Saudi Arabia,8431
Saudi Arabia,2840
Saudi Arabia,8908
Saudi Arabia,9002
Saudi Arabia,5903
Saudi Arabia,0910
Saudi Arabia,2911
Saudi Arabia,4908
Saudi Arabia,5808
Saudi Arabia,7219
Saudi Arabia,8426
Saudi Arabia,8435
Saudi Arabia,8432
Saudi Arabia,5405
Saudi Arabia,1804
Saudi Arabia,3703
Saudi Arabia,7205
Saudi Arabia,4202
Saudi Arabia,6406
Saudi Arabia,7228
Saudi Arabia,8542
Saudi Arabia,0714
Saudi Arabia,3704
Saudi Arabia,7410
Saudi Arabia,5002
Saudi Arabia,7505
Saudi Arabia,8471
Saudi Arabia,8466
Saudi Arabia,8536
Saudi Arabia,9001
Saudi Arabia,2506
Saudi Arabia,6112
Saudi Arabia,8412
Saudi Arabia,2844
Saudi Arabia,9104
Saudi Arabia,2620
Saudi Arabia,2939
Saudi Arabia,3302
Saudi Arabia,5307
Saudi Arabia,2904
Saudi Arabia,8414
Saudi Arabia,6804
Saudi Arabia,3816
Saudi Arabia,4906
Saudi Arabia,6213
Saudi Arabia,4107
Saudi Arabia,7506
Saudi Arabia,8109
Saudi Arabia,8406
Saudi Arabia,8446
Saudi Arabia,9508
Saudi Arabia,4002
Saudi Arabia,2815
Saudi Arabia,9610
Saudi Arabia,9702
Saudi Arabia,0403
Saudi Arabia,2530
Saudi Arabia,8209
Saudi Arabia,8535
Saudi Arabia,7902
Saudi Arabia,3913
Saudi Arabia,7907
Saudi Arabia,1501
Saudi Arabia,2927
Saudi Arabia,9505
Saudi Arabia,8214
Saudi Arabia,6113
Saudi Arabia,6006
Saudi Arabia,0303
United Arab Emirates,4421
United Arab Emirates,2601
United Arab Emirates,9202
United Arab Emirates,6204
United Arab Emirates,6905
United Arab Emirates,2602
United Arab Emirates,2918
United Arab Emirates,5608
United Arab Emirates,6203
United Arab Emirates,8504
United Arab Emirates,2006
United Arab Emirates,4405
United Arab Emirates,8903
United Arab Emirates,6105
United Arab Emirates,8487
United Arab Emirates,2853
United Arab Emirates,6104
United Arab Emirates,7220
United Arab Emirates,2902
United Arab Emirates,4416
United Arab Emirates,7612
United Arab Emirates,1702
United Arab Emirates,2102
United Arab Emirates,8533
United Arab Emirates,7406
United Arab Emirates,9004
United Arab Emirates,6703
United Arab Emirates,8113
United Arab Emirates,6506
United Arab Emirates,4414
United Arab Emirates,9017
United Arab Emirates,8706
United Arab Emirates,3804
United Arab Emirates,6811
United Arab Emirates,0713
United Arab Emirates,4706
United Arab Emirates,8434
United Arab Emirates,0104
United Arab Emirates,3213
United Arab Emirates,1510
United Arab Emirates,2613
United Arab Emirates,2906
United Arab Emirates,6114
United Arab Emirates,6601
United Arab Emirates,0405
United Arab Emirates,6815
United Arab Emirates,9025
United Arab Emirates,3707
United Arab Emirates,7415
United Arab Emirates,0505
United Arab Emirates,2835
United Arab Emirates,2806
United Arab Emirates,6306
United Arab Emirates,8712
United Arab Emirates,2935
United Arab Emirates,2823
United Arab Emirates,3101
United Arab Emirates,7227
United Arab Emirates,8417
United Arab Emirates,1905
United Arab Emirates,2925
United Arab Emirates,3701
United Arab Emirates,9206
United Arab Emirates,3924
United Arab Emirates,3904
United Arab Emirates,2908
United Arab Emirates,9606
United Arab Emirates,4201
United Arab Emirates,7309
United Arab Emirates,1520
United Arab Emirates,8306
United Arab Emirates,9620
United Arab Emirates,8452
United Arab Emirates,2512
United Arab Emirates,3211
United Arab Emirates,8207
United Arab Emirates,7413
United Arab Emirates,8007
United Arab Emirates,1001
United Arab Emirates,4008
United Arab Emirates,2104
United Arab Emirates,5005
United Arab Emirates,2804
United Arab Emirates,5702
United Arab Emirates,3907
United Arab Emirates,8486
United Arab Emirates,6308
United Arab Emirates,2929
United Arab Emirates,5603
United Arab Emirates,8110
United Arab Emirates,8401
United Arab Emirates,8505
United Arab Emirates,2849
United Arab Emirates,2505
United Arab Emirates,5901
United Arab Emirates,7221
United Arab Emirates,0704
United Arab Emirates,0208
United Arab Emirates,1602
United Arab Emirates,8436
United Arab Emirates,9506
United Arab Emirates,1601
United Arab Emirates,9012
United Arab Emirates,6305
United Arab Emirates,0906
United Arab Emirates,8102
United Arab Emirates,8307
United Arab Emirates,8605
United Arab Emirates,2837
United Arab Emirates,3306
United Arab Emirates,6909
United Arab Emirates,8206
United Arab Emirates,5501
United Arab Emirates,8510
United Arab Emirates,5106
United Arab Emirates,6309
United Arab Emirates,3803
United Arab Emirates,1903
United Arab Emirates,8907
United Arab Emirates,2522
United Arab Emirates,2937
United Arab Emirates,3802
United Arab Emirates,4705
United Arab Emirates,5512
United Arab Emirates,1805
United Arab Emirates,2934
United Arab Emirates,6103
United Arab Emirates,5403
United Arab Emirates,3818
United Arab Emirates,7014
United Arab Emirates,8447
United Arab Emirates,6912
United Arab Emirates,1515
United Arab Emirates,8201
United Arab Emirates,8415
United Arab Emirates,9619
United Arab Emirates,8604
United Arab Emirates,4017
United Arab Emirates,8538
United Arab Emirates,2501
United Arab Emirates,2926
United Arab Emirates,1201
United Arab Emirates,2514
United Arab Emirates,6603
United Arab Emirates,1509
United Arab Emirates,1101
United Arab Emirates,2507
United Arab Emirates,2924
United Arab Emirates,4407
United Arab Emirates,5104
United Arab Emirates,6117
United Arab Emirates,5703
United Arab Emirates,2611
United Arab Emirates,0604
United Arab Emirates,7316
United Arab Emirates,6704
United Arab Emirates,8478
United Arab Emirates,2404
United Arab Emirates,4808
United Arab Emirates,8544
United Arab Emirates,2002
United Arab Emirates,2516
United Arab Emirates,5111
United Arab Emirates,9011
United Arab Emirates,8804
United Arab Emirates,9026
United Arab Emirates,3807
United Arab Emirates,7603
United Arab Emirates,9114
United Arab Emirates,3910
United Arab Emirates,0812
United Arab Emirates,5506
United Arab Emirates,2825
United Arab Emirates,1204
United Arab Emirates,7322
United Arab Emirates,8442
United Arab Emirates,2812
United Arab Emirates,5103
United Arab Emirates,6809
United Arab Emirates,8310
United Arab Emirates,3923
United Arab Emirates,4801
United Arab Emirates,7005
United Arab Emirates,0802
United Arab Emirates,3806
United Arab Emirates,5704
United Arab Emirates,5609
United Arab Emirates,8513
United Arab Emirates,3919
United Arab Emirates,8459
United Arab Emirates,9615
United Arab Emirates,3501
United Arab Emirates,8453
United Arab Emirates,0102
United Arab Emirates,0105
United Arab Emirates,6902
United Arab Emirates,3706
United Arab Emirates,4419
United Arab Emirates,1503
United Arab Emirates,7218
United Arab Emirates,7503
United Arab Emirates,1213
United Arab Emirates,8531
United Arab Emirates,7606
United Arab Emirates,8527
United Arab Emirates,8528
United Arab Emirates,8711
United Arab Emirates,8465
United Arab Emirates,0306
United Arab Emirates,2914
United Arab Emirates,4707
United Arab Emirates,4820
United Arab Emirates,6001
United Arab Emirates,8103
United Arab Emirates,1404
United Arab Emirates,5605
United Arab Emirates,8210
United Arab Emirates,9207
United Arab Emirates,7010
United Arab Emirates,2907
United Arab Emirates,3925
United Arab Emirates,5508
United Arab Emirates,2833
United Arab Emirates,1508
United Arab Emirates,1514
United Arab Emirates,5113
United Arab Emirates,6501
United Arab Emirates,5509
United Arab Emirates,7017
United Arab Emirates,8455
United Arab Emirates,7607
United Arab Emirates,6109
United Arab Emirates,0408
United Arab Emirates,3702
United Arab Emirates,2827
United Arab Emirates,0709
United Arab Emirates,0705
United Arab Emirates,2845
United Arab Emirates,3507
United Arab Emirates,8214
United Arab Emirates,7905
United Arab Emirates,0701
United Arab Emirates,3912
United Arab Emirates,8211
United Arab Emirates,2909
United Arab Emirates,8503
United Arab Emirates,9013
United Arab Emirates,2529
United Arab Emirates,4910
United Arab Emirates,5806
United Arab Emirates,6107
United Arab Emirates,8607
United Arab Emirates,0202
United Arab Emirates,9105
United Arab Emirates,6216
United Arab Emirates,4909
United Arab Emirates,2509
United Arab Emirates,2834
United Arab Emirates,6801
United Arab Emirates,9024
United Arab Emirates,9612
United Arab Emirates,3403
United Arab Emirates,3801
United Arab Emirates,7210
United Arab Emirates,0903
United Arab Emirates,4812
United Arab Emirates,3815
United Arab Emirates,5102
United Arab Emirates,3824
United Arab Emirates,0708
United Arab Emirates,4113
United Arab Emirates,8302
United Arab Emirates,5505
United Arab Emirates,0703
United Arab Emirates,0406
United Arab Emirates,7018
United Arab Emirates,4001
United Arab Emirates,2933
United Arab Emirates,2941
United Arab Emirates,8422
United Arab Emirates,7411
United Arab Emirates,2309
United Arab Emirates,7013
United Arab Emirates,4821
United Arab Emirates,8547
United Arab Emirates,2841
United Arab Emirates,8703
United Arab Emirates,4903
United Arab Emirates,7004
United Arab Emirates,8203
United Arab Emirates,1007
United Arab Emirates,4403
United Arab Emirates,3303
United Arab Emirates,1302
United Arab Emirates,4303
United Arab Emirates,7401
United Arab Emirates,8708
United Arab Emirates,9402
United Arab Emirates,9507
United Arab Emirates,0206
United Arab Emirates,3808
United Arab Emirates,7405
United Arab Emirates,9102
United Arab Emirates,6310
United Arab Emirates,7229
United Arab Emirates,8407
United Arab Emirates,8477
United Arab Emirates,1108
United Arab Emirates,6911
United Arab Emirates,0909
United Arab Emirates,7320
United Arab Emirates,7019
United Arab Emirates,1105
United Arab Emirates,7419
United Arab Emirates,3105
United Arab Emirates,1209
United Arab Emirates,7409
United Arab Emirates,9405
United Arab Emirates,3102
United Arab Emirates,2615
United Arab Emirates,4205
United Arab Emirates,3202
United Arab Emirates,9019
United Arab Emirates,2932
United Arab Emirates,0504
United Arab Emirates,7002
United Arab Emirates,0401
United Arab Emirates,3916
United Arab Emirates,6205
United Arab Emirates,7319
United Arab Emirates,5205
United Arab Emirates,7804
United Arab Emirates,5802
United Arab Emirates,2843
United Arab Emirates,0908
United Arab Emirates,3901
United Arab Emirates,4811
United Arab Emirates,7321
United Arab Emirates,4417
United Arab Emirates,5004
United Arab Emirates,9020
United Arab Emirates,8805
United Arab Emirates,8482
United Arab Emirates,8462
United Arab Emirates,5803
United Arab Emirates,8464
United Arab Emirates,2604
United Arab Emirates,3301
United Arab Emirates,3812
United Arab Emirates,5810
United Arab Emirates,4902
United Arab Emirates,6209
United Arab Emirates,7209
United Arab Emirates,7226
United Arab Emirates,8546
United Arab Emirates,2101
United Arab Emirates,3210
United Arab Emirates,2803
United Arab Emirates,8606
United Arab Emirates,5406
United Arab Emirates,6904
United Arab Emirates,8511
United Arab Emirates,3918
United Arab Emirates,5109
United Arab Emirates,5606
United Arab Emirates,1518
United Arab Emirates,0711
United Arab Emirates,2910
United Arab Emirates,4702
United Arab Emirates,0905
United Arab Emirates,6803
United Arab Emirates,7605
United Arab Emirates,7215
United Arab Emirates,8308
United Arab Emirates,5311
United Arab Emirates,8309
United Arab Emirates,0409
United Arab Emirates,0101
United Arab Emirates,3908
United Arab Emirates,6814
United Arab Emirates,4409
United Arab Emirates,7003
United Arab Emirates,9111
United Arab Emirates,2917
United Arab Emirates,4401
United Arab Emirates,3203
United Arab Emirates,4907
United Arab Emirates,5112
United Arab Emirates,5804
United Arab Emirates,9201
United Arab Emirates,4911
United Arab Emirates,1505
United Arab Emirates,2922
United Arab Emirates,5206
United Arab Emirates,7325
United Arab Emirates,9016
United Arab Emirates,8539
United Arab Emirates,1002
United Arab Emirates,3606
United Arab Emirates,5207
United Arab Emirates,8439
United Arab Emirates,1512
United Arab Emirates,0506
United Arab Emirates,0811
United Arab Emirates,3003
United Arab Emirates,9014
United Arab Emirates,8428
United Arab Emirates,1004
United Arab Emirates,2811
United Arab Emirates,4014
United Arab Emirates,8468
United Arab Emirates,1006
United Arab Emirates,6303
United Arab Emirates,2824
United Arab Emirates,8101
United Arab Emirates,6101
United Arab Emirates,8534
United Arab Emirates,8461
United Arab Emirates,7222
United Arab Emirates,9015
United Arab Emirates,8311
United Arab Emirates,2814
United Arab Emirates,7601
United Arab Emirates,2621
United Arab Emirates,8713
United Arab Emirates,3206
United Arab Emirates,0702
United Arab Emirates,8433
United Arab Emirates,2936
United Arab Emirates,7508
United Arab Emirates,6116
United Arab Emirates,9706
United Arab Emirates,2008
United Arab Emirates,2828
United Arab Emirates,8524
United Arab Emirates,9208
United Arab Emirates,8906
United Arab Emirates,8441
United Arab Emirates,5001
United Arab Emirates,2207
United Arab Emirates,4006
United Arab Emirates,5905
United Arab Emirates,2930
United Arab Emirates,7020
United Arab Emirates,9401
United Arab Emirates,5108
United Arab Emirates,5310
United Arab Emirates,3208
United Arab Emirates,4804
United Arab Emirates,9604
United Arab Emirates,6507
United Arab Emirates,3506
United Arab Emirates,1901
United Arab Emirates,7403
United Arab Emirates,6802
United Arab Emirates,4105
United Arab Emirates,7306
United Arab Emirates,4502
United Arab Emirates,3207
United Arab Emirates,9103
United Arab Emirates,2610
United Arab Emirates,6108
United Arab Emirates,2809
United Arab Emirates,5809
United Arab Emirates,6810
United Arab Emirates,8601
United Arab Emirates,0304
United Arab Emirates,2517
United Arab Emirates,1106
United Arab Emirates,7007
United Arab Emirates,8443
United Arab Emirates,7312
United Arab Emirates,7604
United Arab Emirates,0803
United Arab Emirates,2503
United Arab Emirates,7317
United Arab Emirates,8411
United Arab Emirates,8545
United Arab Emirates,7408
United Arab Emirates,9701
United Arab Emirates,9609
United Arab Emirates,9613
United Arab Emirates,7318
United Arab Emirates,6301
United Arab Emirates,4823
United Arab Emirates,6111
United Arab Emirates,2903
United Arab Emirates,2802
United Arab Emirates,1703
United Arab Emirates,3402
United Arab Emirates,9618
United Arab Emirates,9108
United Arab Emirates,2103
United Arab Emirates,1506
United Arab Emirates,1212
United Arab Emirates,0209
United Arab Emirates,8512
United Arab Emirates,0511
United Arab Emirates,1104
United Arab Emirates,9705
United Arab Emirates,1604
United Arab Emirates,2308
United Arab Emirates,0507
United Arab Emirates,4807
United Arab Emirates,7224
United Arab Emirates,3914
United Arab Emirates,8532
United Arab Emirates,5907
United Arab Emirates,2510
United Arab Emirates,4301
United Arab Emirates,8421
United Arab Emirates,4703
United Arab Emirates,2523
United Arab Emirates,3827
United Arab Emirates,4005
United Arab Emirates,5208
United Arab Emirates,8543
United Arab Emirates,8437
United Arab Emirates,8451
United Arab Emirates,8904
United Arab Emirates,5515
United Arab Emirates,8475
United Arab Emirates,4805
United Arab Emirates,8408
United Arab Emirates,0813
United Arab Emirates,8476
United Arab Emirates,1206
United Arab Emirates,6701
United Arab Emirates,4411
United Arab Emirates,2525
United Arab Emirates,7418
United Arab Emirates,2403
United Arab Emirates,2921
United Arab Emirates,0808
United Arab Emirates,6202
United Arab Emirates,8423
United Arab Emirates,8501
United Arab Emirates,8509
United Arab Emirates,8521
United Arab Emirates,8108
United Arab Emirates,4003
United Arab Emirates,0402
United Arab Emirates,8709
United Arab Emirates,9404
United Arab Emirates,8448
United Arab Emirates,6805
United Arab Emirates,5202
United Arab Emirates,4115
United Arab Emirates,8603
United Arab Emirates,8205
United Arab Emirates,5909
United Arab Emirates,1516
United Arab Emirates,1806
United Arab Emirates,3006
United Arab Emirates,2616
United Arab Emirates,0810
United Arab Emirates,1701
United Arab Emirates,3811
United Arab Emirates,9018
United Arab Emirates,7326
United Arab Emirates,8506
United Arab Emirates,1202
United Arab Emirates,4504
United Arab Emirates,7304
United Arab Emirates,8902
United Arab Emirates,1107
United Arab Emirates,1401
United Arab Emirates,2819
United Arab Emirates,2208
United Arab Emirates,2931
United Arab Emirates,2203
United Arab Emirates,2209
United Arab Emirates,5502
United Arab Emirates,5513
United Arab Emirates,6405
United Arab Emirates,9209
United Arab Emirates,4015
United Arab Emirates,0210
United Arab Emirates,7203
United Arab Emirates,7006
United Arab Emirates,6602
United Arab Emirates,0410
United Arab Emirates,6901
United Arab Emirates,0510
United Arab Emirates,3401
United Arab Emirates,3215
United Arab Emirates,7904
United Arab Emirates,7806
United Arab Emirates,6110
United Arab Emirates,1005
United Arab Emirates,4814
United Arab Emirates,6910
United Arab Emirates,9205
United Arab Emirates,5601
United Arab Emirates,0301
United Arab Emirates,3605
United Arab Emirates,6502
United Arab Emirates,5211
United Arab Emirates,6201
United Arab Emirates,5604
United Arab Emirates,2528
United Arab Emirates,2847
United Arab Emirates,7009
United Arab Emirates,9109
United Arab Emirates,9607
United Arab Emirates,8716
United Arab Emirates,9608
United Arab Emirates,4304
United Arab Emirates,0807
United Arab Emirates,5511
United Arab Emirates,2920
United Arab Emirates,3214
United Arab Emirates,3602
United Arab Emirates,2520
United Arab Emirates,3305
United Arab Emirates,2005
United Arab Emirates,6403
United Arab Emirates,9107
United Arab Emirates,2923
United Arab Emirates,9001
United Arab Emirates,9504
United Arab Emirates,2818
United Arab Emirates,5602
United Arab Emirates,8549
United Arab Emirates,4203
United Arab Emirates,2928
United Arab Emirates,0901
United Arab Emirates,1207
United Arab Emirates,5306
United Arab Emirates,0508
United Arab Emirates,6208
United Arab Emirates,8410
United Arab Emirates,2105
United Arab Emirates,0207
United Arab Emirates,0302
United Arab Emirates,8429
United Arab Emirates,2206
United Arab Emirates,4106
United Arab Emirates,3104
United Arab Emirates,7301
United Arab Emirates,6404
United Arab Emirates,8602
United Arab Emirates,4406
United Arab Emirates,4816
United Arab Emirates,2807
United Arab Emirates,2913
United Arab Emirates,3922
United Arab Emirates,1205
United Arab Emirates,6115
United Arab Emirates,7504
United Arab Emirates,8704
United Arab Emirates,8483
United Arab Emirates,0904
United Arab Emirates,3809
United Arab Emirates,8517
United Arab Emirates,9006
United Arab Emirates,8003
United Arab Emirates,7313
United Arab Emirates,2801
United Arab Emirates,5105
United Arab Emirates,5504
United Arab Emirates,8540
United Arab Emirates,7307
United Arab Emirates,2905
United Arab Emirates,3813
United Arab Emirates,7016
United Arab Emirates,7223
United Arab Emirates,4103
United Arab Emirates,1210
United Arab Emirates,6913
United Arab Emirates,2822
United Arab Emirates,3004
United Arab Emirates,2306
United Arab Emirates,2829
United Arab Emirates,2832
United Arab Emirates,3926
United Arab Emirates,5209
United Arab Emirates,6903
United Arab Emirates,7608
United Arab Emirates,5807
United Arab Emirates,8424
United Arab Emirates,1522
United Arab Emirates,6207
United Arab Emirates,3503
United Arab Emirates,2204
United Arab Emirates,4420
United Arab Emirates,8409
United Arab Emirates,8458
United Arab Emirates,9029
United Arab Emirates,5302
United Arab Emirates,0407
United Arab Emirates,2515
United Arab Emirates,9703
United Arab Emirates,6304
United Arab Emirates,7611
United Arab Emirates,2842
United Arab Emirates,6102
United Arab Emirates,4817
United Arab Emirates,5902
United Arab Emirates,4013
United Arab Emirates,2915
United Arab Emirates,2201
United Arab Emirates,2603
United Arab Emirates,5308
United Arab Emirates,6307
United Arab Emirates,4402
United Arab Emirates,2606
United Arab Emirates,9406
United Arab Emirates,3601
United Arab Emirates,7311
United Arab Emirates,3909
United Arab Emirates,2942
United Arab Emirates,7207
United Arab Emirates,0201
United Arab Emirates,5408
United Arab Emirates,9113
United Arab Emirates,4016
United Arab Emirates,7308
United Arab Emirates,7310
United Arab Emirates,2852
United Arab Emirates,0710
United Arab Emirates,8609
United Arab Emirates,2007
United Arab Emirates,3603
United Arab Emirates,4813
United Arab Emirates,5201
United Arab Emirates,2810
United Arab Emirates,3504
United Arab Emirates,3917
United Arab Emirates,0801
United Arab Emirates,7412
United Arab Emirates,8608
United Arab Emirates,0902
United Arab Emirates,0203
United Arab Emirates,1511
United Arab Emirates,8416
United Arab Emirates,5203
United Arab Emirates,9110
United Arab Emirates,2821
United Arab Emirates,3920
United Arab Emirates,3921
United Arab Emirates,7208
United Arab Emirates,0601
United Arab Emirates,8515
United Arab Emirates,8112
United Arab Emirates,8456
United Arab Emirates,7015
United Arab Emirates,8472
United Arab Emirates,0309
United Arab Emirates,4602
United Arab Emirates,8404
United Arab Emirates,3817
United Arab Emirates,4102
United Arab Emirates,8403
United Arab Emirates,8430
United Arab Emirates,1102
United Arab Emirates,1502
United Arab Emirates,2830
United Arab Emirates,6906
United Arab Emirates,8425
United Arab Emirates,2526
United Arab Emirates,9602
United Arab Emirates,2912
United Arab Emirates,5107
United Arab Emirates,3911
United Arab Emirates,9503
United Arab Emirates,6806
United Arab Emirates,8901
United Arab Emirates,2836
United Arab Emirates,9028
United Arab Emirates,0805
United Arab Emirates,3805
United Arab Emirates,1211
United Arab Emirates,8514
United Arab Emirates,5514
United Arab Emirates,6914
United Arab Emirates,1521
United Arab Emirates,8484
United Arab Emirates,4412
United Arab Emirates,8202
United Arab Emirates,8807
United Arab Emirates,3212
United Arab Emirates,7314
United Arab Emirates,7402
United Arab Emirates,2919
United Arab Emirates,7213
United Arab Emirates,3825
United Arab Emirates,6302
United Arab Emirates,4302
United Arab Emirates,3005
United Arab Emirates,7303
United Arab Emirates,5503
United Arab Emirates,6504
United Arab Emirates,8002
United Arab Emirates,9003
United Arab Emirates,1208
United Arab Emirates,8001
United Arab Emirates,8479
United Arab Emirates,9005
United Arab Emirates,5904
United Arab Emirates,4104
United Arab Emirates,4011
United Arab Emirates,2617
United Arab Emirates,7324
United Arab Emirates,2301
United Arab Emirates,5212
United Arab Emirates,5908
United Arab Emirates,7616
United Arab Emirates,2502
United Arab Emirates,9605
United Arab Emirates,9704
United Arab Emirates,1904
United Arab Emirates,8204
United Arab Emirates,8106
United Arab Emirates,5303
United Arab Emirates,4413
United Arab Emirates,1513
United Arab Emirates,0806
United Arab Emirates,2607
United Arab Emirates,3822
United Arab Emirates,2202
United Arab Emirates,3820
United Arab Emirates,4802
United Arab Emirates,0204
United Arab Emirates,8454
United Arab Emirates,2916
United Arab Emirates,4822
United Arab Emirates,9614
United Arab Emirates,7204
United Arab Emirates,3502
United Arab Emirates,3604
United Arab Emirates,1605
United Arab Emirates,1802
United Arab Emirates,5301
United Arab Emirates,9616
United Arab Emirates,1008
United Arab Emirates,3103
United Arab Emirates,6505
United Arab Emirates,2513
United Arab Emirates,2608
United Arab Emirates,8444
United Arab Emirates,9023
United Arab Emirates,4010
United Arab Emirates,1103
United Arab Emirates,1902
United Arab Emirates,5910
United Arab Emirates,7212
United Arab Emirates,7216
United Arab Emirates,5911
United Arab Emirates,8806
United Arab Emirates,3404
United Arab Emirates,7609
United Arab Emirates,5701
United Arab Emirates,4904
United Arab Emirates,5516
United Arab Emirates,3905
United Arab Emirates,4009
United Arab Emirates,5305
United Arab Emirates,7217
United Arab Emirates,4819
United Arab Emirates,3823
United Arab Emirates,1504
United Arab Emirates,7008
United Arab Emirates,2303
United Arab Emirates,2831
United Arab Emirates,6812
United Arab Emirates,8212
United Arab Emirates,4501
United Arab Emirates,0603
United Arab Emirates,4004
United Arab Emirates,4503
United Arab Emirates,8529
United Arab Emirates,4410
United Arab Emirates,7214
United Arab Emirates,7225
United Arab Emirates,6003
United Arab Emirates,6210
United Arab Emirates,8502
United Arab Emirates,1507
United Arab Emirates,4806
United Arab Emirates,8438
United Arab Emirates,8714
United Arab Emirates,9601
United Arab Emirates,5510
United Arab Emirates,8470
United Arab Emirates,0602
United Arab Emirates,0907
United Arab Emirates,6212
United Arab Emirates,6813
United Arab Emirates,8525
United Arab Emirates,5705
United Arab Emirates,0707
United Arab Emirates,7507
United Arab Emirates,9112
United Arab Emirates,2813
United Arab Emirates,8457
United Arab Emirates,8710
United Arab Emirates,1109
United Arab Emirates,7901
United Arab Emirates,4901
United Arab Emirates,6106
United Arab Emirates,3204
United Arab Emirates,8303
United Arab Emirates,2820
United Arab Emirates,3826
United Arab Emirates,4415
United Arab Emirates,6215
United Arab Emirates,4408
United Arab Emirates,9010
United Arab Emirates,7802
United Arab Emirates,7001
United Arab Emirates,8485
United Arab Emirates,8480
United Arab Emirates,3002
United Arab Emirates,2402
United Arab Emirates,9030
United Arab Emirates,2302
United Arab Emirates,7323
United Arab Emirates,1003
United Arab Emirates,7011
United Arab Emirates,6702
United Arab Emirates,2504
United Arab Emirates,8530
United Arab Emirates,2817
United Arab Emirates,5210
United Arab Emirates,3903
United Arab Emirates,4007
United Arab Emirates,8526
United Arab Emirates,9031
United Arab Emirates,6217
United Arab Emirates,4404
United Arab Emirates,8705
United Arab Emirates,8481
United Arab Emirates,3201
United Arab Emirates,3209
United Arab Emirates,7614
United Arab Emirates,2106
United Arab Emirates,2614
United Arab Emirates,3407
United Arab Emirates,8402
United Arab Emirates,8460
United Arab Emirates,8507
United Arab Emirates,4206
United Arab Emirates,7602
United Arab Emirates,8508
United Arab Emirates,8304
United Arab Emirates,4601
United Arab Emirates,2009
United Arab Emirates,4803
United Arab Emirates,8519
United Arab Emirates,4012
United Arab Emirates,3814
United Arab Emirates,6005
United Arab Emirates,1801
United Arab Emirates,8208
United Arab Emirates,8467
United Arab Emirates,1214
United Arab Emirates,1803
United Arab Emirates,0106
United Arab Emirates,7613
United Arab Emirates,8449
United Arab Emirates,8707
United Arab Emirates,3406
United Arab Emirates,3307
United Arab Emirates,5811
United Arab Emirates,7501
United Arab Emirates,8463
United Arab Emirates,1603
United Arab Emirates,8213
United Arab Emirates,8702
United Arab Emirates,9032
United Arab Emirates,6211
United Arab Emirates,7202
United Arab Emirates,8541
United Arab Emirates,3304
United Arab Emirates,8418
United Arab Emirates,8450
United Arab Emirates,2940
United Arab Emirates,6402
United Arab Emirates,7615
United Arab Emirates,3001
United Arab Emirates,8474
United Arab Emirates,9008
United Arab Emirates,3405
United Arab Emirates,3810
United Arab Emirates,5101
United Arab Emirates,7211
United Arab Emirates,2609
United Arab Emirates,2001
United Arab Emirates,6002
United Arab Emirates,6401
United Arab Emirates,2401
United Arab Emirates,8516
United Arab Emirates,8518
United Arab Emirates,4418
United Arab Emirates,2518
United Arab Emirates,2304
United Arab Emirates,0804
United Arab Emirates,2850
United Arab Emirates,9611
United Arab Emirates,8215
United Arab Emirates,4905
United Arab Emirates,5402
United Arab Emirates,8801
United Arab Emirates,8305
United Arab Emirates,8473
United Arab Emirates,5404
United Arab Emirates,8405
United Arab Emirates,5801
United Arab Emirates,2846
United Arab Emirates,2205
United Arab Emirates,5607
United Arab Emirates,2508
United Arab Emirates,7903
United Arab Emirates,0307
United Arab Emirates,8701
United Arab Emirates,4701
United Arab Emirates,7206
United Arab Emirates,7302
United Arab Emirates,6206
United Arab Emirates,8522
United Arab Emirates,1301
United Arab Emirates,0404
United Arab Emirates,4112
United Arab Emirates,6004
United Arab Emirates,8548
United Arab Emirates,2901
United Arab Emirates,4818
United Arab Emirates,1517
United Arab Emirates,3821
United Arab Emirates,9403
United Arab Emirates,2305
United Arab Emirates,9603
United Arab Emirates,3915
United Arab Emirates,7305
United Arab Emirates,8104
United Arab Emirates,8445
United Arab Emirates,2816
United Arab Emirates,8523
United Arab Emirates,8427
United Arab Emirates,0706
United Arab Emirates,8802
United Arab Emirates,1704
United Arab Emirates,6808
United Arab Emirates,9033
United Arab Emirates,8111
United Arab Emirates,0814
United Arab Emirates,6214
United Arab Emirates,7201
United Arab Emirates,9022
United Arab Emirates,2805
United Arab Emirates,8301
United Arab Emirates,3205
United Arab Emirates,6807
United Arab Emirates,8905
United Arab Emirates,4809
United Arab Emirates,0809
United Arab Emirates,3902
United Arab Emirates,9101
United Arab Emirates,5309
United Arab Emirates,2519
United Arab Emirates,7315
United Arab Emirates,0308
United Arab Emirates,2826
United Arab Emirates,3505
United Arab Emirates,4101
United Arab Emirates,4810
United Arab Emirates,2618
United Arab Emirates,2619
United Arab Emirates,4114
United Arab Emirates,7404
United Arab Emirates,2511
United Arab Emirates,5407
United Arab Emirates,9021
United Arab Emirates,9027
United Arab Emirates,8715
United Arab Emirates,8413
United Arab Emirates,8537
United Arab Emirates,9106
United Arab Emirates,5204
United Arab Emirates,7502
United Arab Emirates,8440
United Arab Emirates,0712
United Arab Emirates,7801
United Arab Emirates,3906
United Arab Emirates,2003
United Arab Emirates,2521
United Arab Emirates,5401
United Arab Emirates,5906
United Arab Emirates,2808
United Arab Emirates,2839
United Arab Emirates,7407
United Arab Emirates,8105
United Arab Emirates,8419
United Arab Emirates,3819
United Arab Emirates,9007
United Arab Emirates,2938
United Arab Emirates,8420
United Arab Emirates,7610
United Arab Emirates,2004
United Arab Emirates,0305
United Arab Emirates,4704
United Arab Emirates,5007
United Arab Emirates,1203
United Arab Emirates,9617
United Arab Emirates,3705
United Arab Emirates,6907
United Arab Emirates,8431
United Arab Emirates,2840
United Arab Emirates,8908
United Arab Emirates,9002
United Arab Emirates,5903
United Arab Emirates,0910
United Arab Emirates,2911
United Arab Emirates,4908
United Arab Emirates,5808
United Arab Emirates,7219
United Arab Emirates,8426
United Arab Emirates,8435
United Arab Emirates,8432
United Arab Emirates,5405
United Arab Emirates,1804
United Arab Emirates,3703
United Arab Emirates,7205
United Arab Emirates,4202
United Arab Emirates,6406
United Arab Emirates,7228
United Arab Emirates,8542
United Arab Emirates,0714
United Arab Emirates,3704
United Arab Emirates,7410
United Arab Emirates,5002
United Arab Emirates,5805
United Arab Emirates,7505
United Arab Emirates,8466
United Arab Emirates,8471
United Arab Emirates,8536
United Arab Emirates,2506
United Arab Emirates,6112
United Arab Emirates,8412
United Arab Emirates,0501
United Arab Emirates,2844
United Arab Emirates,9104
United Arab Emirates,2620
United Arab Emirates,2939
United Arab Emirates,3302
United Arab Emirates,5307
United Arab Emirates,2904
United Arab Emirates,0502
United Arab Emirates,8414
United Arab Emirates,6804
United Arab Emirates,3816
United Arab Emirates,4906
United Arab Emirates,5003
United Arab Emirates,6213
United Arab Emirates,4107
United Arab Emirates,7506
United Arab Emirates,8109
United Arab Emirates,8406
United Arab Emirates,8446
United Arab Emirates,9508
United Arab Emirates,4002
United Arab Emirates,2815
United Arab Emirates,9610
United Arab Emirates,9702
United Arab Emirates,0403
United Arab Emirates,2530
United Arab Emirates,8209
United Arab Emirates,8535
United Arab Emirates,7902
United Arab Emirates,3913
United Arab Emirates,7907
United Arab Emirates,1501
United Arab Emirates,5507
United Arab Emirates,2927
United Arab Emirates,9505
United Arab Emirates,5006
United Arab Emirates,6113
United Arab Emirates,6006
United Arab Emirates,0303
United Arab Emirates,5110
